csv,air_type,air_w,air_constraints,label,k,schedule,proof_bytes,prove_s,verify_ms,prove_elems_per_s,delta_size_pct,delta_prove_pct,delta_verify_pct,delta_throughput_pct,mode,bound,hash,hash_col_bits,field_ext_bits,target_bits,eff_target,achieved_bits,query_sec,alg_sec,queries_computed,delta,rho,list_log2,num_rounds,is_stir
csv,fib_w2_d2,2,1,2power16,16,[2,2,2,2,2,2,2,2,2,2,2,2,2,2,2,2],334032,0.393514,1.130,166540.418326,0.00,0.00,0.00,0.00,stir-johnson,johnson,sha3-256,128,384,128,128,128.0,128.0,368.0,128,0.500000,0.2500,1.0,16,true
csv,fib_w2_d2,2,1,2power16,17,[2,2,2,2,2,2,2,2,2,2,2,2,2,2,2,2,2],399696,0.805462,1.251,162728.909180,0.00,0.00,0.00,0.00,stir-johnson,johnson,sha3-256,128,384,128,128,128.0,128.0,367.0,128,0.500000,0.2500,1.0,17,true
csv,fib_w2_d2,2,1,2power16,18,[2,2,2,2,2,2,2,2,2,2,2,2,2,2,2,2,4],403984,1.544349,1.287,169744.060949,0.00,0.00,0.00,0.00,stir-johnson,johnson,sha3-256,128,384,128,128,128.0,128.0,366.0,128,0.500000,0.2500,1.0,17,true
csv,fib_w2_d2,2,1,2power16,19,[2,2,2,2,2,2,2,2,2,2,2,2,2,2,2,2,8],408464,3.115338,1.324,168292.495732,0.00,0.00,0.00,0.00,stir-johnson,johnson,sha3-256,128,384,128,128,128.0,128.0,365.0,128,0.500000,0.2500,1.0,17,true
csv,fib_w2_d2,2,1,2power16,20,[2,2,2,2,2,2,2,2,2,2,2,2,2,2,2,2,16],413328,6.289935,1.423,166706.979089,0.00,0.00,0.00,0.00,stir-johnson,johnson,sha3-256,128,384,128,128,128.0,128.0,364.0,128,0.500000,0.2500,1.0,17,true
csv,fib_w2_d2,2,1,2power16,21,[2,2,2,2,2,2,2,2,2,2,2,2,2,2,2,2,32],480400,12.666159,1.634,165571.266965,0.00,0.00,0.00,0.00,stir-johnson,johnson,sha3-256,128,384,128,128,128.0,128.0,363.0,128,0.500000,0.2500,1.0,17,true
csv,fib_w2_d2,2,1,2power16,22,[2,2,2,2,2,2,2,2,2,2,2,2,2,2,2,2,64],487568,25.474323,2.074,164648.299342,0.00,0.00,0.00,0.00,stir-johnson,johnson,sha3-256,128,384,128,128,128.0,128.0,362.0,128,0.500000,0.2500,1.0,17,true
csv,fib_w2_d2,2,1,2power16,23,[2,2,2,2,2,2,2,2,2,2,2,2,2,2,2,2,128],497808,52.580719,3.535,159537.720658,0.00,0.00,0.00,0.00,stir-johnson,johnson,sha3-256,128,384,128,128,128.0,128.0,361.0,128,0.500000,0.2500,1.0,17,true
csv,fib_w2_d2,2,1,2power16,24,[2,2,2,2,2,2,2,2,2,2,2,2,2,2,2,2,256],514192,112.611607,9.240,148983.008199,0.00,0.00,0.00,0.00,stir-johnson,johnson,sha3-256,128,384,128,128,128.0,128.0,360.0,128,0.500000,0.2500,1.0,17,true
csv,fib_w2_d2,2,1,2power16,25,[2,2,2,2,2,2,2,2,2,2,2,2,2,2,2,2,512],604304,243.265583,32.267,137933.330517,0.00,0.00,0.00,0.00,stir-johnson,johnson,sha3-256,128,384,128,128,128.0,128.0,359.0,128,0.500000,0.2500,1.0,17,true
csv,fib_w2_d2,2,1,16by16by16,12,[16,16,16],392400,0.025219,1.367,162416.420078,0.00,0.00,0.00,0.00,stir-johnson,johnson,sha3-256,128,384,128,128,128.0,128.0,372.9,128,0.500000,0.2500,1.0,3,true
csv,fib_w2_d2,2,1,16by16by16,13,[16,16,16,2],514736,0.047012,1.522,174252.147835,0.00,0.00,0.00,0.00,stir-johnson,johnson,sha3-256,128,384,128,128,128.0,128.0,371.9,128,0.500000,0.2500,1.0,4,true
csv,fib_w2_d2,2,1,16by16by16,14,[16,16,16,4],514928,0.097770,1.531,167577.538825,0.00,0.00,0.00,0.00,stir-johnson,johnson,sha3-256,128,384,128,128,128.0,128.0,370.9,128,0.500000,0.2500,1.0,4,true
csv,fib_w2_d2,2,1,16by16by16,15,[16,16,16,8],515312,0.181581,1.527,180459.657756,0.00,0.00,0.00,0.00,stir-johnson,johnson,sha3-256,128,384,128,128,128.0,128.0,369.9,128,0.500000,0.2500,1.0,4,true
csv,fib_w2_d2,2,1,16by16by16,16,[16,16,16,16],516080,0.359479,1.548,182308.136959,54.50,-8.65,36.92,9.47,stir-johnson,johnson,sha3-256,128,384,128,128,128.0,128.0,368.9,128,0.500000,0.2500,1.0,4,true
csv,fib_w2_d2,2,1,16by16by16,17,[16,16,16,32],640496,0.721076,1.911,181772.795101,60.25,-10.48,52.79,11.70,stir-johnson,johnson,sha3-256,128,384,128,128,128.0,128.0,367.9,128,0.500000,0.2500,1.0,4,true
csv,fib_w2_d2,2,1,16by16by16,18,[16,16,16,64],643568,1.465695,2.305,178853.050844,59.31,-5.09,79.09,5.37,stir-johnson,johnson,sha3-256,128,384,128,128,128.0,128.0,366.9,128,0.500000,0.2500,1.0,4,true
csv,fib_w2_d2,2,1,16by16by16,19,[16,16,16,128],649712,2.923829,3.775,179315.573782,59.06,-6.15,185.20,6.55,stir-johnson,johnson,sha3-256,128,384,128,128,128.0,128.0,365.9,128,0.500000,0.2500,1.0,4,true
csv,fib_w2_d2,2,1,16by16by16,20,[16,16,16,256],662000,5.860099,9.464,178934.849548,60.16,-6.83,564.95,7.33,stir-johnson,johnson,sha3-256,128,384,128,128,128.0,128.0,364.9,128,0.500000,0.2500,1.0,4,true
csv,fib_w2_d2,2,1,16by16by16,21,[16,16,16,512],809456,11.526500,32.060,181941.785656,68.50,-9.00,1861.54,9.89,stir-johnson,johnson,sha3-256,128,384,128,128,128.0,128.0,363.9,128,0.500000,0.2500,1.0,4,true
csv,fib_w2_d2,2,1,16by16by16,22,[16,16,16,1024],858608,23.083762,121.353,181699.326786,76.10,-9.38,5752.21,10.36,stir-johnson,johnson,sha3-256,128,384,128,128,128.0,128.0,362.9,128,0.500000,0.2500,1.0,4,true
csv,fib_w2_d2,2,1,16by16by16,23,[16,16,16,2048],956912,47.145884,480.985,177928.746691,92.23,-10.34,13508.14,11.53,stir-johnson,johnson,sha3-256,128,384,128,128,128.0,128.0,361.9,128,0.500000,0.2500,1.0,4,true
csv,fib_w2_d2,2,1,16by16by16,24,[16,16,16,4096],1153520,99.649855,1889.352,168361.670392,124.34,-11.51,20347.91,13.01,stir-johnson,johnson,sha3-256,128,384,128,128,128.0,128.0,360.9,128,0.500000,0.2500,1.0,4,true
csv,fib_w2_d2,2,1,16by16by16,25,[16,16,16,8192],1669616,216.816450,7713.799,154759.623011,176.29,-10.87,23806.34,12.20,stir-johnson,johnson,sha3-256,128,384,128,128,128.0,128.0,359.9,128,0.500000,0.2500,1.0,4,true
csv,fib_w2_d2,2,1,32by16by8,12,[32,16,8],589008,0.033893,1.880,120849.426306,0.00,0.00,0.00,0.00,stir-johnson,johnson,sha3-256,128,384,128,128,128.0,128.0,373.0,128,0.500000,0.2500,1.0,3,true
csv,fib_w2_d2,2,1,32by16by8,13,[32,16,8,2],650288,0.065788,1.983,124520.320502,0.00,0.00,0.00,0.00,stir-johnson,johnson,sha3-256,128,384,128,128,128.0,128.0,372.0,128,0.500000,0.2500,1.0,4,true
csv,fib_w2_d2,2,1,32by16by8,14,[32,16,8,4],650480,0.128788,1.973,127216.944918,0.00,0.00,0.00,0.00,stir-johnson,johnson,sha3-256,128,384,128,128,128.0,128.0,371.0,128,0.500000,0.2500,1.0,4,true
csv,fib_w2_d2,2,1,32by16by8,15,[32,16,8,8],650864,0.255604,1.865,128198.411078,0.00,0.00,0.00,0.00,stir-johnson,johnson,sha3-256,128,384,128,128,128.0,128.0,370.0,128,0.500000,0.2500,1.0,4,true
csv,fib_w2_d2,2,1,32by16by8,16,[32,16,8,16],778608,0.496561,2.108,131979.657097,133.09,26.19,86.49,-20.75,stir-johnson,johnson,sha3-256,128,384,128,128,128.0,128.0,369.0,128,0.500000,0.2500,1.0,4,true
csv,fib_w2_d2,2,1,32by16by8,17,[32,16,8,32],841584,0.992003,2.310,132128.582728,110.56,23.16,84.65,-18.80,stir-johnson,johnson,sha3-256,128,384,128,128,128.0,128.0,368.0,128,0.500000,0.2500,1.0,4,true
csv,fib_w2_d2,2,1,32by16by8,18,[32,16,8,64],844656,1.975152,2.748,132720.913548,109.08,27.90,113.46,-21.81,stir-johnson,johnson,sha3-256,128,384,128,128,128.0,128.0,367.0,128,0.500000,0.2500,1.0,4,true
csv,fib_w2_d2,2,1,32by16by8,19,[32,16,8,128],850800,3.987899,4.207,131469.720555,108.29,28.01,217.84,-21.88,stir-johnson,johnson,sha3-256,128,384,128,128,128.0,128.0,366.0,128,0.500000,0.2500,1.0,4,true
csv,fib_w2_d2,2,1,32by16by8,20,[32,16,8,256],863088,7.964519,9.882,131655.911114,108.81,26.62,594.29,-21.03,stir-johnson,johnson,sha3-256,128,384,128,128,128.0,128.0,365.0,128,0.500000,0.2500,1.0,4,true
csv,fib_w2_d2,2,1,32by16by8,21,[32,16,8,512],1076080,15.988185,32.682,131168.856929,124.00,26.23,1899.59,-20.78,stir-johnson,johnson,sha3-256,128,384,128,128,128.0,128.0,364.0,128,0.500000,0.2500,1.0,4,true
csv,fib_w2_d2,2,1,32by16by8,22,[32,16,8,1024],1125232,32.034993,121.770,130928.826599,130.78,25.75,5772.32,-20.48,stir-johnson,johnson,sha3-256,128,384,128,128,128.0,128.0,363.0,128,0.500000,0.2500,1.0,4,true
csv,fib_w2_d2,2,1,32by16by8,23,[32,16,8,2048],1223536,65.111242,481.783,128835.016636,145.78,23.83,13530.70,-19.24,stir-johnson,johnson,sha3-256,128,384,128,128,128.0,128.0,362.0,128,0.500000,0.2500,1.0,4,true
csv,fib_w2_d2,2,1,32by16by8,24,[32,16,8,4096],1420144,137.431249,1905.647,122077.155460,176.19,22.04,20524.26,-18.06,stir-johnson,johnson,sha3-256,128,384,128,128,128.0,128.0,361.0,128,0.500000,0.2500,1.0,4,true
csv,fib_w2_d2,2,1,32by16by8,25,[32,16,8,8192],1874800,286.762806,7692.747,117011.102370,210.24,17.88,23741.09,-15.17,stir-johnson,johnson,sha3-256,128,384,128,128,128.0,128.0,360.0,128,0.500000,0.2500,1.0,4,true
csv,fib_w2_d2,2,1,64by32by16,15,[64,32,16],1046736,0.398948,3.308,82135.957609,0.00,0.00,0.00,0.00,stir-johnson,johnson,sha3-256,128,384,128,128,128.0,128.0,370.0,128,0.500000,0.2500,1.0,3,true
csv,fib_w2_d2,2,1,64by32by16,16,[64,32,16,2],1046192,0.797853,3.282,82140.401487,213.20,102.75,190.36,-50.68,stir-johnson,johnson,sha3-256,128,384,128,128,128.0,128.0,369.0,128,0.500000,0.2500,1.0,4,true
csv,fib_w2_d2,2,1,64by32by16,17,[64,32,16,4],1107824,1.587569,3.405,82561.466006,177.17,97.10,172.27,-49.26,stir-johnson,johnson,sha3-256,128,384,128,128,128.0,128.0,368.0,128,0.500000,0.2500,1.0,4,true
csv,fib_w2_d2,2,1,64by32by16,18,[64,32,16,8],1108208,3.168031,3.412,82746.668307,174.32,105.14,165.03,-51.25,stir-johnson,johnson,sha3-256,128,384,128,128,128.0,128.0,367.0,128,0.500000,0.2500,1.0,4,true
csv,fib_w2_d2,2,1,64by32by16,19,[64,32,16,16],1367024,6.357200,3.793,82471.527256,234.67,104.06,186.56,-51.00,stir-johnson,johnson,sha3-256,128,384,128,128,128.0,128.0,366.0,128,0.500000,0.2500,1.0,4,true
csv,fib_w2_d2,2,1,64by32by16,20,[64,32,16,32],1368560,12.690259,3.910,82628.413574,231.11,101.76,174.72,-50.43,stir-johnson,johnson,sha3-256,128,384,128,128,128.0,128.0,365.0,128,0.500000,0.2500,1.0,4,true
csv,fib_w2_d2,2,1,64by32by16,21,[64,32,16,64],1433072,25.387987,4.406,82604.105853,198.31,100.44,169.55,-50.11,stir-johnson,johnson,sha3-256,128,384,128,128,128.0,128.0,364.0,128,0.500000,0.2500,1.0,4,true
csv,fib_w2_d2,2,1,64by32by16,22,[64,32,16,128],1439216,51.114010,5.880,82057.814924,195.18,100.65,183.58,-50.16,stir-johnson,johnson,sha3-256,128,384,128,128,128.0,128.0,363.0,128,0.500000,0.2500,1.0,4,true
csv,fib_w2_d2,2,1,64by32by16,23,[64,32,16,256],1451504,103.072567,11.615,81385.457428,191.58,96.03,228.63,-48.99,stir-johnson,johnson,sha3-256,128,384,128,128,128.0,128.0,362.0,128,0.500000,0.2500,1.0,4,true
csv,fib_w2_d2,2,1,64by32by16,24,[64,32,16,512],1476080,209.154653,34.839,80214.404649,187.07,85.73,277.05,-46.16,stir-johnson,johnson,sha3-256,128,384,128,128,128.0,128.0,361.0,128,0.500000,0.2500,1.0,4,true
csv,fib_w2_d2,2,1,64by32by16,25,[64,32,16,1024],1844720,426.619997,124.269,78651.803117,205.26,75.37,285.13,-42.98,stir-johnson,johnson,sha3-256,128,384,128,128,128.0,128.0,360.0,128,0.500000,0.2500,1.0,4,true
csv,fib_w2_d2,2,1,16by16by8,11,[16,16,8],391632,0.013387,1.294,152989.472561,0.00,0.00,0.00,0.00,stir-johnson,johnson,sha3-256,128,384,128,128,128.0,128.0,373.9,128,0.500000,0.2500,1.0,3,true
csv,fib_w2_d2,2,1,16by16by8,12,[16,16,8,2],391472,0.024632,1.337,166290.003839,0.00,0.00,0.00,0.00,stir-johnson,johnson,sha3-256,128,384,128,128,128.0,128.0,372.9,128,0.500000,0.2500,1.0,4,true
csv,fib_w2_d2,2,1,16by16by8,13,[16,16,8,4],514544,0.048173,1.551,170052.292533,0.00,0.00,0.00,0.00,stir-johnson,johnson,sha3-256,128,384,128,128,128.0,128.0,371.9,128,0.500000,0.2500,1.0,4,true
csv,fib_w2_d2,2,1,16by16by8,14,[16,16,8,8],514928,0.092938,1.510,176288.858074,0.00,0.00,0.00,0.00,stir-johnson,johnson,sha3-256,128,384,128,128,128.0,128.0,370.9,128,0.500000,0.2500,1.0,4,true
csv,fib_w2_d2,2,1,16by16by8,15,[16,16,8,16],515696,0.180566,1.539,181473.601085,0.00,0.00,0.00,0.00,stir-johnson,johnson,sha3-256,128,384,128,128,128.0,128.0,369.9,128,0.500000,0.2500,1.0,4,true
csv,fib_w2_d2,2,1,16by16by8,16,[16,16,8,32],517232,0.356128,1.658,184023.893881,54.85,-9.50,46.68,10.50,stir-johnson,johnson,sha3-256,128,384,128,128,128.0,128.0,368.9,128,0.500000,0.2500,1.0,4,true
csv,fib_w2_d2,2,1,16by16by8,17,[16,16,8,64],643184,0.710907,2.337,184372.812901,60.92,-11.74,86.82,13.30,stir-johnson,johnson,sha3-256,128,384,128,128,128.0,128.0,367.9,128,0.500000,0.2500,1.0,4,true
csv,fib_w2_d2,2,1,16by16by8,18,[16,16,8,128],649328,1.459200,3.727,179649.117759,60.73,-5.51,189.51,5.84,stir-johnson,johnson,sha3-256,128,384,128,128,128.0,128.0,366.9,128,0.500000,0.2500,1.0,4,true
csv,fib_w2_d2,2,1,16by16by8,19,[16,16,8,256],661616,2.882719,9.474,181872.736247,61.98,-7.47,615.79,8.07,stir-johnson,johnson,sha3-256,128,384,128,128,128.0,128.0,365.9,128,0.500000,0.2500,1.0,4,true
csv,fib_w2_d2,2,1,16by16by8,20,[16,16,8,512],686192,5.800640,32.073,180769.021209,66.02,-7.78,2153.41,8.44,stir-johnson,johnson,sha3-256,128,384,128,128,128.0,128.0,364.9,128,0.500000,0.2500,1.0,4,true
csv,fib_w2_d2,2,1,16by16by8,21,[16,16,8,1024],858224,11.696636,121.518,179295.313833,78.65,-7.65,7334.97,8.29,stir-johnson,johnson,sha3-256,128,384,128,128,128.0,128.0,363.9,128,0.500000,0.2500,1.0,4,true
csv,fib_w2_d2,2,1,16by16by8,22,[16,16,8,2048],956528,23.944597,478.078,175167.031241,96.18,-6.00,22955.18,6.39,stir-johnson,johnson,sha3-256,128,384,128,128,128.0,128.0,362.9,128,0.500000,0.2500,1.0,4,true
csv,fib_w2_d2,2,1,16by16by8,23,[16,16,8,4096],1153136,50.099500,1910.694,167438.957312,131.64,-4.72,53957.74,4.95,stir-johnson,johnson,sha3-256,128,384,128,128,128.0,128.0,361.9,128,0.500000,0.2500,1.0,4,true
csv,fib_w2_d2,2,1,16by16by8,24,[16,16,8,8192],1546352,112.819873,7757.657,148707.985382,200.73,0.18,83858.85,-0.18,stir-johnson,johnson,sha3-256,128,384,128,128,128.0,128.0,360.9,128,0.500000,0.2500,1.0,4,true
csv,fib_w2_d2,2,1,16by16by8,25,[16,16,8,16384],2455664,266.778960,31087.657,125776.155877,306.36,9.67,96245.80,-8.81,stir-johnson,johnson,sha3-256,128,384,128,128,128.0,128.0,359.9,128,0.500000,0.2500,1.0,4,true
csv,poseidon_w16_d2,16,16,2power16,16,[2,2,2,2,2,2,2,2,2,2,2,2,2,2,2,2],334032,0.405968,1.162,161431.575288,0.00,0.00,0.00,0.00,stir-johnson,johnson,sha3-256,128,384,128,128,128.0,128.0,368.0,128,0.500000,0.2500,1.0,16,true
csv,poseidon_w16_d2,16,16,2power16,17,[2,2,2,2,2,2,2,2,2,2,2,2,2,2,2,2,2],399696,0.803209,1.297,163185.431007,0.00,0.00,0.00,0.00,stir-johnson,johnson,sha3-256,128,384,128,128,128.0,128.0,367.0,128,0.500000,0.2500,1.0,17,true
csv,poseidon_w16_d2,16,16,2power16,18,[2,2,2,2,2,2,2,2,2,2,2,2,2,2,2,2,4],403984,1.638641,1.330,159976.447901,0.00,0.00,0.00,0.00,stir-johnson,johnson,sha3-256,128,384,128,128,128.0,128.0,366.0,128,0.500000,0.2500,1.0,17,true
csv,poseidon_w16_d2,16,16,2power16,19,[2,2,2,2,2,2,2,2,2,2,2,2,2,2,2,2,8],408464,3.212548,1.371,163200.053931,0.00,0.00,0.00,0.00,stir-johnson,johnson,sha3-256,128,384,128,128,128.0,128.0,365.0,128,0.500000,0.2500,1.0,17,true
csv,poseidon_w16_d2,16,16,2power16,20,[2,2,2,2,2,2,2,2,2,2,2,2,2,2,2,2,16],413328,6.537484,1.478,160394.415732,0.00,0.00,0.00,0.00,stir-johnson,johnson,sha3-256,128,384,128,128,128.0,128.0,364.0,128,0.500000,0.2500,1.0,17,true
csv,poseidon_w16_d2,16,16,2power16,21,[2,2,2,2,2,2,2,2,2,2,2,2,2,2,2,2,32],480400,13.046245,2.477,160747.562258,0.00,0.00,0.00,0.00,stir-johnson,johnson,sha3-256,128,384,128,128,128.0,128.0,363.0,128,0.500000,0.2500,1.0,17,true
csv,poseidon_w16_d2,16,16,2power16,22,[2,2,2,2,2,2,2,2,2,2,2,2,2,2,2,2,64],487568,25.783719,2.111,162672.578543,0.00,0.00,0.00,0.00,stir-johnson,johnson,sha3-256,128,384,128,128,128.0,128.0,362.0,128,0.500000,0.2500,1.0,17,true
csv,poseidon_w16_d2,16,16,2power16,23,[2,2,2,2,2,2,2,2,2,2,2,2,2,2,2,2,128],497808,52.142326,3.602,160879.053359,0.00,0.00,0.00,0.00,stir-johnson,johnson,sha3-256,128,384,128,128,128.0,128.0,361.0,128,0.500000,0.2500,1.0,17,true
csv,poseidon_w16_d2,16,16,2power16,24,[2,2,2,2,2,2,2,2,2,2,2,2,2,2,2,2,256],514192,108.417215,9.364,154746.790280,0.00,0.00,0.00,0.00,stir-johnson,johnson,sha3-256,128,384,128,128,128.0,128.0,360.0,128,0.500000,0.2500,1.0,17,true
csv,poseidon_w16_d2,16,16,2power16,25,[2,2,2,2,2,2,2,2,2,2,2,2,2,2,2,2,512],604304,237.651287,33.179,141191.880116,0.00,0.00,0.00,0.00,stir-johnson,johnson,sha3-256,128,384,128,128,128.0,128.0,359.0,128,0.500000,0.2500,1.0,17,true
csv,poseidon_w16_d2,16,16,16by16by16,12,[16,16,16],392400,0.025694,1.363,159411.807791,0.00,0.00,0.00,0.00,stir-johnson,johnson,sha3-256,128,384,128,128,128.0,128.0,372.9,128,0.500000,0.2500,1.0,3,true
csv,poseidon_w16_d2,16,16,16by16by16,13,[16,16,16,2],514736,0.047669,1.579,171850.227827,0.00,0.00,0.00,0.00,stir-johnson,johnson,sha3-256,128,384,128,128,128.0,128.0,371.9,128,0.500000,0.2500,1.0,4,true
csv,poseidon_w16_d2,16,16,16by16by16,14,[16,16,16,4],514928,0.096097,1.515,170493.805484,0.00,0.00,0.00,0.00,stir-johnson,johnson,sha3-256,128,384,128,128,128.0,128.0,370.9,128,0.500000,0.2500,1.0,4,true
csv,poseidon_w16_d2,16,16,16by16by16,15,[16,16,16,8],515312,0.198563,1.541,165025.328250,0.00,0.00,0.00,0.00,stir-johnson,johnson,sha3-256,128,384,128,128,128.0,128.0,369.9,128,0.500000,0.2500,1.0,4,true
csv,poseidon_w16_d2,16,16,16by16by16,16,[16,16,16,16],516080,0.376780,1.565,173936.911153,54.50,-7.19,34.64,7.75,stir-johnson,johnson,sha3-256,128,384,128,128,128.0,128.0,368.9,128,0.500000,0.2500,1.0,4,true
csv,poseidon_w16_d2,16,16,16by16by16,17,[16,16,16,32],640496,0.743494,1.954,176291.900889,60.25,-7.43,50.65,8.03,stir-johnson,johnson,sha3-256,128,384,128,128,128.0,128.0,367.9,128,0.500000,0.2500,1.0,4,true
csv,poseidon_w16_d2,16,16,16by16by16,18,[16,16,16,64],643568,1.437948,2.308,182304.254340,59.31,-12.25,73.55,13.96,stir-johnson,johnson,sha3-256,128,384,128,128,128.0,128.0,366.9,128,0.500000,0.2500,1.0,4,true
csv,poseidon_w16_d2,16,16,16by16by16,19,[16,16,16,128],649712,2.859186,3.768,183369.653620,59.06,-11.00,174.95,12.36,stir-johnson,johnson,sha3-256,128,384,128,128,128.0,128.0,365.9,128,0.500000,0.2500,1.0,4,true
csv,poseidon_w16_d2,16,16,16by16by16,20,[16,16,16,256],662000,5.795642,9.455,180924.895733,60.16,-11.35,539.73,12.80,stir-johnson,johnson,sha3-256,128,384,128,128,128.0,128.0,364.9,128,0.500000,0.2500,1.0,4,true
csv,poseidon_w16_d2,16,16,16by16by16,21,[16,16,16,512],809456,11.548834,32.902,181589.934973,68.50,-11.48,1228.44,12.97,stir-johnson,johnson,sha3-256,128,384,128,128,128.0,128.0,363.9,128,0.500000,0.2500,1.0,4,true
csv,poseidon_w16_d2,16,16,16by16by16,22,[16,16,16,1024],858608,23.192193,122.047,180849.824016,76.10,-10.05,5680.78,11.17,stir-johnson,johnson,sha3-256,128,384,128,128,128.0,128.0,362.9,128,0.500000,0.2500,1.0,4,true
csv,poseidon_w16_d2,16,16,16by16by16,23,[16,16,16,2048],956912,47.298346,476.940,177355.208619,92.23,-9.29,13139.44,10.24,stir-johnson,johnson,sha3-256,128,384,128,128,128.0,128.0,361.9,128,0.500000,0.2500,1.0,4,true
csv,poseidon_w16_d2,16,16,16by16by16,24,[16,16,16,4096],1153520,99.072338,1902.606,169343.091865,124.34,-8.62,20218.49,9.43,stir-johnson,johnson,sha3-256,128,384,128,128,128.0,128.0,360.9,128,0.500000,0.2500,1.0,4,true
csv,poseidon_w16_d2,16,16,16by16by16,25,[16,16,16,8192],1669616,218.531448,7916.841,153545.094935,176.29,-8.05,23760.85,8.75,stir-johnson,johnson,sha3-256,128,384,128,128,128.0,128.0,359.9,128,0.500000,0.2500,1.0,4,true
csv,poseidon_w16_d2,16,16,32by16by8,12,[32,16,8],589008,0.034153,1.805,119929.434879,0.00,0.00,0.00,0.00,stir-johnson,johnson,sha3-256,128,384,128,128,128.0,128.0,373.0,128,0.500000,0.2500,1.0,3,true
csv,poseidon_w16_d2,16,16,32by16by8,13,[32,16,8,2],650288,0.064595,1.949,126821.124331,0.00,0.00,0.00,0.00,stir-johnson,johnson,sha3-256,128,384,128,128,128.0,128.0,372.0,128,0.500000,0.2500,1.0,4,true
csv,poseidon_w16_d2,16,16,32by16by8,14,[32,16,8,4],650480,0.128202,1.894,127797.986328,0.00,0.00,0.00,0.00,stir-johnson,johnson,sha3-256,128,384,128,128,128.0,128.0,371.0,128,0.500000,0.2500,1.0,4,true
csv,poseidon_w16_d2,16,16,32by16by8,15,[32,16,8,8],650864,0.255029,1.926,128487.369154,0.00,0.00,0.00,0.00,stir-johnson,johnson,sha3-256,128,384,128,128,128.0,128.0,370.0,128,0.500000,0.2500,1.0,4,true
csv,poseidon_w16_d2,16,16,32by16by8,16,[32,16,8,16],778608,0.532999,2.154,122957.078719,133.09,31.29,85.30,-23.83,stir-johnson,johnson,sha3-256,128,384,128,128,128.0,128.0,369.0,128,0.500000,0.2500,1.0,4,true
csv,poseidon_w16_d2,16,16,32by16by8,17,[32,16,8,32],841584,1.057436,2.595,123952.616139,110.56,31.65,100.05,-24.04,stir-johnson,johnson,sha3-256,128,384,128,128,128.0,128.0,368.0,128,0.500000,0.2500,1.0,4,true
csv,poseidon_w16_d2,16,16,32by16by8,18,[32,16,8,64],844656,2.047005,2.758,128062.196895,109.08,24.92,107.41,-19.95,stir-johnson,johnson,sha3-256,128,384,128,128,128.0,128.0,367.0,128,0.500000,0.2500,1.0,4,true
csv,poseidon_w16_d2,16,16,32by16by8,19,[32,16,8,128],850800,4.085595,4.210,128325.981736,108.29,27.18,207.20,-21.37,stir-johnson,johnson,sha3-256,128,384,128,128,128.0,128.0,366.0,128,0.500000,0.2500,1.0,4,true
csv,poseidon_w16_d2,16,16,32by16by8,20,[32,16,8,256],863088,7.985992,9.926,131301.912373,108.81,22.16,571.58,-18.14,stir-johnson,johnson,sha3-256,128,384,128,128,128.0,128.0,365.0,128,0.500000,0.2500,1.0,4,true
csv,poseidon_w16_d2,16,16,32by16by8,21,[32,16,8,512],1076080,16.148248,33.153,129868.698860,124.00,23.78,1238.58,-19.21,stir-johnson,johnson,sha3-256,128,384,128,128,128.0,128.0,364.0,128,0.500000,0.2500,1.0,4,true
csv,poseidon_w16_d2,16,16,32by16by8,22,[32,16,8,1024],1125232,32.334736,123.856,129715.113202,130.78,25.41,5766.50,-20.26,stir-johnson,johnson,sha3-256,128,384,128,128,128.0,128.0,363.0,128,0.500000,0.2500,1.0,4,true
csv,poseidon_w16_d2,16,16,32by16by8,23,[32,16,8,2048],1223536,65.632037,478.755,127812.702202,145.78,25.87,13189.84,-20.55,stir-johnson,johnson,sha3-256,128,384,128,128,128.0,128.0,362.0,128,0.500000,0.2500,1.0,4,true
csv,poseidon_w16_d2,16,16,32by16by8,24,[32,16,8,4096],1420144,137.958513,1919.139,121610.589123,176.19,27.25,20395.05,-21.41,stir-johnson,johnson,sha3-256,128,384,128,128,128.0,128.0,361.0,128,0.500000,0.2500,1.0,4,true
csv,poseidon_w16_d2,16,16,32by16by8,25,[32,16,8,8192],1874800,286.509093,7629.160,117114.719458,210.24,20.56,22893.80,-17.05,stir-johnson,johnson,sha3-256,128,384,128,128,128.0,128.0,360.0,128,0.500000,0.2500,1.0,4,true
csv,poseidon_w16_d2,16,16,64by32by16,15,[64,32,16],1046736,0.405020,3.334,80904.563386,0.00,0.00,0.00,0.00,stir-johnson,johnson,sha3-256,128,384,128,128,128.0,128.0,370.0,128,0.500000,0.2500,1.0,3,true
csv,poseidon_w16_d2,16,16,64by32by16,16,[64,32,16,2],1046192,0.791193,3.319,82831.905979,213.20,94.89,185.62,-48.69,stir-johnson,johnson,sha3-256,128,384,128,128,128.0,128.0,369.0,128,0.500000,0.2500,1.0,4,true
csv,poseidon_w16_d2,16,16,64by32by16,17,[64,32,16,4],1107824,1.580855,3.400,82912.077572,177.17,96.82,162.12,-49.19,stir-johnson,johnson,sha3-256,128,384,128,128,128.0,128.0,368.0,128,0.500000,0.2500,1.0,4,true
csv,poseidon_w16_d2,16,16,64by32by16,18,[64,32,16,8],1108208,3.161774,3.452,82910.426581,174.32,92.95,159.55,-48.17,stir-johnson,johnson,sha3-256,128,384,128,128,128.0,128.0,367.0,128,0.500000,0.2500,1.0,4,true
csv,poseidon_w16_d2,16,16,64by32by16,19,[64,32,16,16],1367024,6.338060,3.746,82720.580114,234.67,97.29,173.34,-49.31,stir-johnson,johnson,sha3-256,128,384,128,128,128.0,128.0,366.0,128,0.500000,0.2500,1.0,4,true
csv,poseidon_w16_d2,16,16,64by32by16,20,[64,32,16,32],1368560,12.676754,3.882,82716.445473,231.11,93.91,162.65,-48.43,stir-johnson,johnson,sha3-256,128,384,128,128,128.0,128.0,365.0,128,0.500000,0.2500,1.0,4,true
csv,poseidon_w16_d2,16,16,64by32by16,21,[64,32,16,64],1433072,26.004291,4.383,80646.382165,198.31,99.32,76.97,-49.83,stir-johnson,johnson,sha3-256,128,384,128,128,128.0,128.0,364.0,128,0.500000,0.2500,1.0,4,true
csv,poseidon_w16_d2,16,16,64by32by16,22,[64,32,16,128],1439216,50.892919,5.798,82414.294284,195.18,97.38,174.60,-49.34,stir-johnson,johnson,sha3-256,128,384,128,128,128.0,128.0,363.0,128,0.500000,0.2500,1.0,4,true
csv,poseidon_w16_d2,16,16,64by32by16,23,[64,32,16,256],1451504,102.204253,11.619,82076.897657,191.58,96.01,222.54,-48.98,stir-johnson,johnson,sha3-256,128,384,128,128,128.0,128.0,362.0,128,0.500000,0.2500,1.0,4,true
csv,poseidon_w16_d2,16,16,64by32by16,24,[64,32,16,512],1476080,206.612415,34.131,81201.393620,187.07,90.57,264.50,-47.53,stir-johnson,johnson,sha3-256,128,384,128,128,128.0,128.0,361.0,128,0.500000,0.2500,1.0,4,true
csv,poseidon_w16_d2,16,16,64by32by16,25,[64,32,16,1024],1844720,419.840937,124.474,79921.772779,205.26,76.66,275.16,-43.39,stir-johnson,johnson,sha3-256,128,384,128,128,128.0,128.0,360.0,128,0.500000,0.2500,1.0,4,true
csv,poseidon_w16_d2,16,16,16by16by8,11,[16,16,8],391632,0.012230,1.327,167458.784329,0.00,0.00,0.00,0.00,stir-johnson,johnson,sha3-256,128,384,128,128,128.0,128.0,373.9,128,0.500000,0.2500,1.0,3,true
csv,poseidon_w16_d2,16,16,16by16by8,12,[16,16,8,2],391472,0.024994,1.392,163876.872296,0.00,0.00,0.00,0.00,stir-johnson,johnson,sha3-256,128,384,128,128,128.0,128.0,372.9,128,0.500000,0.2500,1.0,4,true
csv,poseidon_w16_d2,16,16,16by16by8,13,[16,16,8,4],514544,0.048415,1.539,169205.069749,0.00,0.00,0.00,0.00,stir-johnson,johnson,sha3-256,128,384,128,128,128.0,128.0,371.9,128,0.500000,0.2500,1.0,4,true
csv,poseidon_w16_d2,16,16,16by16by8,14,[16,16,8,8],514928,0.089656,1.447,182742.504568,0.00,0.00,0.00,0.00,stir-johnson,johnson,sha3-256,128,384,128,128,128.0,128.0,370.9,128,0.500000,0.2500,1.0,4,true
csv,poseidon_w16_d2,16,16,16by16by8,15,[16,16,8,16],515696,0.178411,1.504,183665.762123,0.00,0.00,0.00,0.00,stir-johnson,johnson,sha3-256,128,384,128,128,128.0,128.0,369.9,128,0.500000,0.2500,1.0,4,true
csv,poseidon_w16_d2,16,16,16by16by8,16,[16,16,8,32],517232,0.357597,1.616,183267.820783,54.85,-11.91,39.06,13.53,stir-johnson,johnson,sha3-256,128,384,128,128,128.0,128.0,368.9,128,0.500000,0.2500,1.0,4,true
csv,poseidon_w16_d2,16,16,16by16by8,17,[16,16,8,64],643184,0.712786,2.211,183886.770756,60.92,-11.26,70.42,12.69,stir-johnson,johnson,sha3-256,128,384,128,128,128.0,128.0,367.9,128,0.500000,0.2500,1.0,4,true
csv,poseidon_w16_d2,16,16,16by16by8,18,[16,16,8,128],649328,1.427168,3.740,183681.221688,60.73,-12.91,181.25,14.82,stir-johnson,johnson,sha3-256,128,384,128,128,128.0,128.0,366.9,128,0.500000,0.2500,1.0,4,true
csv,poseidon_w16_d2,16,16,16by16by8,19,[16,16,8,256],661616,2.846378,9.394,184194.801520,61.98,-11.40,585.46,12.86,stir-johnson,johnson,sha3-256,128,384,128,128,128.0,128.0,365.9,128,0.500000,0.2500,1.0,4,true
csv,poseidon_w16_d2,16,16,16by16by8,20,[16,16,8,512],686192,5.760736,31.531,182021.184886,66.02,-11.88,2033.41,13.48,stir-johnson,johnson,sha3-256,128,384,128,128,128.0,128.0,364.9,128,0.500000,0.2500,1.0,4,true
csv,poseidon_w16_d2,16,16,16by16by8,21,[16,16,8,1024],858224,11.644682,121.955,180095.254000,78.65,-10.74,4823.99,12.04,stir-johnson,johnson,sha3-256,128,384,128,128,128.0,128.0,363.9,128,0.500000,0.2500,1.0,4,true
csv,poseidon_w16_d2,16,16,16by16by8,22,[16,16,8,2048],956528,23.839151,476.866,175941.834339,96.18,-7.54,22486.89,8.16,stir-johnson,johnson,sha3-256,128,384,128,128,128.0,128.0,362.9,128,0.500000,0.2500,1.0,4,true
csv,poseidon_w16_d2,16,16,16by16by8,23,[16,16,8,4096],1153136,49.835916,1918.197,168324.547300,131.64,-4.42,53147.52,4.63,stir-johnson,johnson,sha3-256,128,384,128,128,128.0,128.0,361.9,128,0.500000,0.2500,1.0,4,true
csv,poseidon_w16_d2,16,16,16by16by8,24,[16,16,8,8192],1546352,110.041683,7589.469,152462.371456,200.73,1.50,80950.16,-1.48,stir-johnson,johnson,sha3-256,128,384,128,128,128.0,128.0,360.9,128,0.500000,0.2500,1.0,4,true
csv,poseidon_w16_d2,16,16,16by16by8,25,[16,16,8,16384],2455664,266.585477,30822.052,125867.441837,306.36,12.18,92795.68,-10.85,stir-johnson,johnson,sha3-256,128,384,128,128,128.0,128.0,359.9,128,0.500000,0.2500,1.0,4,true
csv,regmach_w8_d2,8,8,2power16,16,[2,2,2,2,2,2,2,2,2,2,2,2,2,2,2,2],334032,0.400337,1.174,163702.183224,0.00,0.00,0.00,0.00,stir-johnson,johnson,sha3-256,128,384,128,128,128.0,128.0,368.0,128,0.500000,0.2500,1.0,16,true
csv,regmach_w8_d2,8,8,2power16,17,[2,2,2,2,2,2,2,2,2,2,2,2,2,2,2,2,2],399696,0.792549,1.297,165380.293551,0.00,0.00,0.00,0.00,stir-johnson,johnson,sha3-256,128,384,128,128,128.0,128.0,367.0,128,0.500000,0.2500,1.0,17,true
csv,regmach_w8_d2,8,8,2power16,18,[2,2,2,2,2,2,2,2,2,2,2,2,2,2,2,2,4],403984,1.575185,1.315,166421.095816,0.00,0.00,0.00,0.00,stir-johnson,johnson,sha3-256,128,384,128,128,128.0,128.0,366.0,128,0.500000,0.2500,1.0,17,true
csv,regmach_w8_d2,8,8,2power16,19,[2,2,2,2,2,2,2,2,2,2,2,2,2,2,2,2,8],408464,3.170244,1.369,165377.791649,0.00,0.00,0.00,0.00,stir-johnson,johnson,sha3-256,128,384,128,128,128.0,128.0,365.0,128,0.500000,0.2500,1.0,17,true
csv,regmach_w8_d2,8,8,2power16,20,[2,2,2,2,2,2,2,2,2,2,2,2,2,2,2,2,16],413328,6.391192,1.440,164065.784846,0.00,0.00,0.00,0.00,stir-johnson,johnson,sha3-256,128,384,128,128,128.0,128.0,364.0,128,0.500000,0.2500,1.0,17,true
csv,regmach_w8_d2,8,8,2power16,21,[2,2,2,2,2,2,2,2,2,2,2,2,2,2,2,2,32],480400,12.822575,1.654,163551.551922,0.00,0.00,0.00,0.00,stir-johnson,johnson,sha3-256,128,384,128,128,128.0,128.0,363.0,128,0.500000,0.2500,1.0,17,true
csv,regmach_w8_d2,8,8,2power16,22,[2,2,2,2,2,2,2,2,2,2,2,2,2,2,2,2,64],487568,25.568136,2.092,164044.182141,0.00,0.00,0.00,0.00,stir-johnson,johnson,sha3-256,128,384,128,128,128.0,128.0,362.0,128,0.500000,0.2500,1.0,17,true
csv,regmach_w8_d2,8,8,2power16,23,[2,2,2,2,2,2,2,2,2,2,2,2,2,2,2,2,128],497808,52.170831,3.628,160791.152824,0.00,0.00,0.00,0.00,stir-johnson,johnson,sha3-256,128,384,128,128,128.0,128.0,361.0,128,0.500000,0.2500,1.0,17,true
csv,regmach_w8_d2,8,8,2power16,24,[2,2,2,2,2,2,2,2,2,2,2,2,2,2,2,2,256],514192,112.002571,9.336,149793.132818,0.00,0.00,0.00,0.00,stir-johnson,johnson,sha3-256,128,384,128,128,128.0,128.0,360.0,128,0.500000,0.2500,1.0,17,true
csv,regmach_w8_d2,8,8,2power16,25,[2,2,2,2,2,2,2,2,2,2,2,2,2,2,2,2,512],604304,241.753895,32.730,138795.827618,0.00,0.00,0.00,0.00,stir-johnson,johnson,sha3-256,128,384,128,128,128.0,128.0,359.0,128,0.500000,0.2500,1.0,17,true
csv,regmach_w8_d2,8,8,16by16by16,12,[16,16,16],392400,0.025365,1.299,161481.829174,0.00,0.00,0.00,0.00,stir-johnson,johnson,sha3-256,128,384,128,128,128.0,128.0,372.9,128,0.500000,0.2500,1.0,3,true
csv,regmach_w8_d2,8,8,16by16by16,13,[16,16,16,2],514736,0.048958,1.523,167328.665465,0.00,0.00,0.00,0.00,stir-johnson,johnson,sha3-256,128,384,128,128,128.0,128.0,371.9,128,0.500000,0.2500,1.0,4,true
csv,regmach_w8_d2,8,8,16by16by16,14,[16,16,16,4],514928,0.095723,1.542,171159.790504,0.00,0.00,0.00,0.00,stir-johnson,johnson,sha3-256,128,384,128,128,128.0,128.0,370.9,128,0.500000,0.2500,1.0,4,true
csv,regmach_w8_d2,8,8,16by16by16,15,[16,16,16,8],515312,0.183990,1.540,178096.635687,0.00,0.00,0.00,0.00,stir-johnson,johnson,sha3-256,128,384,128,128,128.0,128.0,369.9,128,0.500000,0.2500,1.0,4,true
csv,regmach_w8_d2,8,8,16by16by16,16,[16,16,16,16],516080,0.360548,1.592,181767.585147,54.50,-9.94,35.50,11.04,stir-johnson,johnson,sha3-256,128,384,128,128,128.0,128.0,368.9,128,0.500000,0.2500,1.0,4,true
csv,regmach_w8_d2,8,8,16by16by16,17,[16,16,16,32],640496,0.712774,1.893,183889.909430,60.25,-10.07,45.96,11.19,stir-johnson,johnson,sha3-256,128,384,128,128,128.0,128.0,367.9,128,0.500000,0.2500,1.0,4,true
csv,regmach_w8_d2,8,8,16by16by16,18,[16,16,16,64],643568,1.429040,2.292,183440.604644,59.31,-9.28,74.32,10.23,stir-johnson,johnson,sha3-256,128,384,128,128,128.0,128.0,366.9,128,0.500000,0.2500,1.0,4,true
csv,regmach_w8_d2,8,8,16by16by16,19,[16,16,16,128],649712,2.878944,3.903,182111.221215,59.06,-9.19,184.99,10.12,stir-johnson,johnson,sha3-256,128,384,128,128,128.0,128.0,365.9,128,0.500000,0.2500,1.0,4,true
csv,regmach_w8_d2,8,8,16by16by16,20,[16,16,16,256],662000,5.805020,9.480,180632.635228,60.16,-9.17,558.25,10.10,stir-johnson,johnson,sha3-256,128,384,128,128,128.0,128.0,364.9,128,0.500000,0.2500,1.0,4,true
csv,regmach_w8_d2,8,8,16by16by16,21,[16,16,16,512],809456,11.629284,32.207,180333.717447,68.50,-9.31,1846.98,10.26,stir-johnson,johnson,sha3-256,128,384,128,128,128.0,128.0,363.9,128,0.500000,0.2500,1.0,4,true
csv,regmach_w8_d2,8,8,16by16by16,22,[16,16,16,1024],858608,23.593833,126.081,177771.199788,76.10,-7.72,5926.82,8.37,stir-johnson,johnson,sha3-256,128,384,128,128,128.0,128.0,362.9,128,0.500000,0.2500,1.0,4,true
csv,regmach_w8_d2,8,8,16by16by16,23,[16,16,16,2048],956912,48.740704,480.854,172106.828677,92.23,-6.57,13153.06,7.04,stir-johnson,johnson,sha3-256,128,384,128,128,128.0,128.0,361.9,128,0.500000,0.2500,1.0,4,true
csv,regmach_w8_d2,8,8,16by16by16,24,[16,16,16,4096],1153520,100.052233,1913.546,167684.573107,124.34,-10.67,20395.50,11.94,stir-johnson,johnson,sha3-256,128,384,128,128,128.0,128.0,360.9,128,0.500000,0.2500,1.0,4,true
csv,regmach_w8_d2,8,8,16by16by16,25,[16,16,16,8192],1669616,221.423294,7920.635,151539.756046,176.29,-8.41,24100.02,9.18,stir-johnson,johnson,sha3-256,128,384,128,128,128.0,128.0,359.9,128,0.500000,0.2500,1.0,4,true
csv,regmach_w8_d2,8,8,32by16by8,12,[32,16,8],589008,0.033656,1.839,121702.225496,0.00,0.00,0.00,0.00,stir-johnson,johnson,sha3-256,128,384,128,128,128.0,128.0,373.0,128,0.500000,0.2500,1.0,3,true
csv,regmach_w8_d2,8,8,32by16by8,13,[32,16,8,2],650288,0.066732,1.962,122759.542812,0.00,0.00,0.00,0.00,stir-johnson,johnson,sha3-256,128,384,128,128,128.0,128.0,372.0,128,0.500000,0.2500,1.0,4,true
csv,regmach_w8_d2,8,8,32by16by8,14,[32,16,8,4],650480,0.130609,1.979,125443.476646,0.00,0.00,0.00,0.00,stir-johnson,johnson,sha3-256,128,384,128,128,128.0,128.0,371.0,128,0.500000,0.2500,1.0,4,true
csv,regmach_w8_d2,8,8,32by16by8,15,[32,16,8,8],650864,0.256771,1.973,127615.678405,0.00,0.00,0.00,0.00,stir-johnson,johnson,sha3-256,128,384,128,128,128.0,128.0,370.0,128,0.500000,0.2500,1.0,4,true
csv,regmach_w8_d2,8,8,32by16by8,16,[32,16,8,16],778608,0.512441,2.224,127889.855362,133.09,28.00,89.34,-21.88,stir-johnson,johnson,sha3-256,128,384,128,128,128.0,128.0,369.0,128,0.500000,0.2500,1.0,4,true
csv,regmach_w8_d2,8,8,32by16by8,17,[32,16,8,32],841584,1.000301,2.336,131032.619195,110.56,26.21,80.12,-20.77,stir-johnson,johnson,sha3-256,128,384,128,128,128.0,128.0,368.0,128,0.500000,0.2500,1.0,4,true
csv,regmach_w8_d2,8,8,32by16by8,18,[32,16,8,64],844656,2.103245,2.789,124637.868663,109.08,33.52,112.16,-25.11,stir-johnson,johnson,sha3-256,128,384,128,128,128.0,128.0,367.0,128,0.500000,0.2500,1.0,4,true
csv,regmach_w8_d2,8,8,32by16by8,19,[32,16,8,128],850800,4.117213,4.189,127340.504058,108.29,29.87,205.89,-23.00,stir-johnson,johnson,sha3-256,128,384,128,128,128.0,128.0,366.0,128,0.500000,0.2500,1.0,4,true
csv,regmach_w8_d2,8,8,32by16by8,20,[32,16,8,256],863088,8.165892,9.951,128409.237167,108.81,27.77,590.99,-21.73,stir-johnson,johnson,sha3-256,128,384,128,128,128.0,128.0,365.0,128,0.500000,0.2500,1.0,4,true
csv,regmach_w8_d2,8,8,32by16by8,21,[32,16,8,512],1076080,16.282038,32.964,128801.567476,124.00,26.98,1892.76,-21.25,stir-johnson,johnson,sha3-256,128,384,128,128,128.0,128.0,364.0,128,0.500000,0.2500,1.0,4,true
csv,regmach_w8_d2,8,8,32by16by8,22,[32,16,8,1024],1125232,33.090080,122.543,126754.121673,130.78,29.42,5757.71,-22.73,stir-johnson,johnson,sha3-256,128,384,128,128,128.0,128.0,363.0,128,0.500000,0.2500,1.0,4,true
csv,regmach_w8_d2,8,8,32by16by8,23,[32,16,8,2048],1223536,67.152261,482.604,124919.218405,145.78,28.72,13201.28,-22.31,stir-johnson,johnson,sha3-256,128,384,128,128,128.0,128.0,362.0,128,0.500000,0.2500,1.0,4,true
csv,regmach_w8_d2,8,8,32by16by8,24,[32,16,8,4096],1420144,136.153308,1961.096,123222.977100,176.19,21.56,20904.80,-17.74,stir-johnson,johnson,sha3-256,128,384,128,128,128.0,128.0,361.0,128,0.500000,0.2500,1.0,4,true
csv,regmach_w8_d2,8,8,32by16by8,25,[32,16,8,8192],1874800,297.331677,7919.530,112851.857482,210.24,22.99,24096.64,-18.69,stir-johnson,johnson,sha3-256,128,384,128,128,128.0,128.0,360.0,128,0.500000,0.2500,1.0,4,true
csv,regmach_w8_d2,8,8,64by32by16,15,[64,32,16],1046736,0.411849,3.348,79563.156894,0.00,0.00,0.00,0.00,stir-johnson,johnson,sha3-256,128,384,128,128,128.0,128.0,370.0,128,0.500000,0.2500,1.0,3,true
csv,regmach_w8_d2,8,8,64by32by16,16,[64,32,16,2],1046192,0.800933,3.316,81824.614694,213.20,100.06,182.31,-50.02,stir-johnson,johnson,sha3-256,128,384,128,128,128.0,128.0,369.0,128,0.500000,0.2500,1.0,4,true
csv,regmach_w8_d2,8,8,64by32by16,17,[64,32,16,4],1107824,1.598855,3.431,81978.689466,177.17,101.74,164.56,-50.43,stir-johnson,johnson,sha3-256,128,384,128,128,128.0,128.0,368.0,128,0.500000,0.2500,1.0,4,true
csv,regmach_w8_d2,8,8,64by32by16,18,[64,32,16,8],1108208,3.200129,3.457,81916.690259,174.32,103.16,162.94,-50.78,stir-johnson,johnson,sha3-256,128,384,128,128,128.0,128.0,367.0,128,0.500000,0.2500,1.0,4,true
csv,regmach_w8_d2,8,8,64by32by16,19,[64,32,16,16],1367024,6.751870,3.816,77650.782716,234.67,112.98,178.64,-53.05,stir-johnson,johnson,sha3-256,128,384,128,128,128.0,128.0,366.0,128,0.500000,0.2500,1.0,4,true
csv,regmach_w8_d2,8,8,64by32by16,20,[64,32,16,32],1368560,13.084059,3.905,80141.492277,231.11,104.72,171.14,-51.15,stir-johnson,johnson,sha3-256,128,384,128,128,128.0,128.0,365.0,128,0.500000,0.2500,1.0,4,true
csv,regmach_w8_d2,8,8,64by32by16,21,[64,32,16,64],1433072,26.563054,4.500,78949.959328,198.31,107.16,172.04,-51.73,stir-johnson,johnson,sha3-256,128,384,128,128,128.0,128.0,364.0,128,0.500000,0.2500,1.0,4,true
csv,regmach_w8_d2,8,8,64by32by16,22,[64,32,16,128],1439216,53.991774,8.998,77684.130239,195.18,111.17,330.12,-52.64,stir-johnson,johnson,sha3-256,128,384,128,128,128.0,128.0,363.0,128,0.500000,0.2500,1.0,4,true
csv,regmach_w8_d2,8,8,64by32by16,23,[64,32,16,256],1451504,104.990584,11.667,79898.669802,191.58,101.24,221.55,-50.31,stir-johnson,johnson,sha3-256,128,384,128,128,128.0,128.0,362.0,128,0.500000,0.2500,1.0,4,true
csv,regmach_w8_d2,8,8,64by32by16,24,[64,32,16,512],1476080,211.630336,35.953,79276.044779,187.07,88.95,285.08,-47.08,stir-johnson,johnson,sha3-256,128,384,128,128,128.0,128.0,361.0,128,0.500000,0.2500,1.0,4,true
csv,regmach_w8_d2,8,8,64by32by16,25,[64,32,16,1024],1844720,436.058195,139.950,76949.435562,205.26,80.37,327.59,-44.56,stir-johnson,johnson,sha3-256,128,384,128,128,128.0,128.0,360.0,128,0.500000,0.2500,1.0,4,true
csv,regmach_w8_d2,8,8,16by16by8,11,[16,16,8],391632,0.014409,1.430,142137.906806,0.00,0.00,0.00,0.00,stir-johnson,johnson,sha3-256,128,384,128,128,128.0,128.0,373.9,128,0.500000,0.2500,1.0,3,true
csv,regmach_w8_d2,8,8,16by16by8,12,[16,16,8,2],391472,0.027422,1.333,149368.890909,0.00,0.00,0.00,0.00,stir-johnson,johnson,sha3-256,128,384,128,128,128.0,128.0,372.9,128,0.500000,0.2500,1.0,4,true
csv,regmach_w8_d2,8,8,16by16by8,13,[16,16,8,4],514544,0.049800,1.549,164497.853235,0.00,0.00,0.00,0.00,stir-johnson,johnson,sha3-256,128,384,128,128,128.0,128.0,371.9,128,0.500000,0.2500,1.0,4,true
csv,regmach_w8_d2,8,8,16by16by8,14,[16,16,8,8],514928,0.095780,1.558,171058.081412,0.00,0.00,0.00,0.00,stir-johnson,johnson,sha3-256,128,384,128,128,128.0,128.0,370.9,128,0.500000,0.2500,1.0,4,true
csv,regmach_w8_d2,8,8,16by16by8,15,[16,16,8,16],515696,0.192659,1.743,170083.296904,0.00,0.00,0.00,0.00,stir-johnson,johnson,sha3-256,128,384,128,128,128.0,128.0,369.9,128,0.500000,0.2500,1.0,4,true
csv,regmach_w8_d2,8,8,16by16by8,16,[16,16,8,32],517232,0.390619,1.757,167774.593564,54.85,-2.43,49.57,2.49,stir-johnson,johnson,sha3-256,128,384,128,128,128.0,128.0,368.9,128,0.500000,0.2500,1.0,4,true
csv,regmach_w8_d2,8,8,16by16by8,17,[16,16,8,64],643184,0.721835,2.283,181581.684279,60.92,-8.92,76.02,9.80,stir-johnson,johnson,sha3-256,128,384,128,128,128.0,128.0,367.9,128,0.500000,0.2500,1.0,4,true
csv,regmach_w8_d2,8,8,16by16by8,18,[16,16,8,128],649328,1.444094,3.792,181528.323116,60.73,-8.32,188.41,9.08,stir-johnson,johnson,sha3-256,128,384,128,128,128.0,128.0,366.9,128,0.500000,0.2500,1.0,4,true
csv,regmach_w8_d2,8,8,16by16by8,19,[16,16,8,256],661616,2.892501,9.503,181257.675490,61.98,-8.76,593.95,9.60,stir-johnson,johnson,sha3-256,128,384,128,128,128.0,128.0,365.9,128,0.500000,0.2500,1.0,4,true
csv,regmach_w8_d2,8,8,16by16by8,20,[16,16,8,512],686192,5.924664,32.548,176984.882689,66.02,-7.30,2159.99,7.87,stir-johnson,johnson,sha3-256,128,384,128,128,128.0,128.0,364.9,128,0.500000,0.2500,1.0,4,true
csv,regmach_w8_d2,8,8,16by16by8,21,[16,16,8,1024],858224,11.814614,122.236,177504.908566,78.65,-7.86,7289.42,8.53,stir-johnson,johnson,sha3-256,128,384,128,128,128.0,128.0,363.9,128,0.500000,0.2500,1.0,4,true
csv,regmach_w8_d2,8,8,16by16by8,22,[16,16,8,2048],956528,24.095670,480.877,174068.783167,96.18,-5.76,22886.47,6.11,stir-johnson,johnson,sha3-256,128,384,128,128,128.0,128.0,362.9,128,0.500000,0.2500,1.0,4,true
csv,regmach_w8_d2,8,8,16by16by8,23,[16,16,8,4096],1153136,52.006359,1937.023,161299.658753,131.64,-0.32,53287.25,0.32,stir-johnson,johnson,sha3-256,128,384,128,128,128.0,128.0,361.9,128,0.500000,0.2500,1.0,4,true
csv,regmach_w8_d2,8,8,16by16by8,24,[16,16,8,8192],1546352,118.170444,8010.784,141974.722897,200.73,5.51,85701.49,-5.22,stir-johnson,johnson,sha3-256,128,384,128,128,128.0,128.0,360.9,128,0.500000,0.2500,1.0,4,true
csv,regmach_w8_d2,8,8,16by16by8,25,[16,16,8,16384],2455664,286.935687,31708.040,116940.602145,306.36,18.69,96777.97,-15.75,stir-johnson,johnson,sha3-256,128,384,128,128,128.0,128.0,359.9,128,0.500000,0.2500,1.0,4,true
csv,fib_w2_d2,2,1,2power16,16,[2,2,2,2,2,2,2,2,2,2,2,2,2,2,2,2],170736,0.416757,0.654,157252.197521,0.00,0.00,0.00,0.00,stir-capacity,capacity(g=2^-30),sha3-256,128,384,128,128,128.0,130.0,339.0,65,0.750000,0.2500,30.0,16,true
csv,fib_w2_d2,2,1,2power16,17,[2,2,2,2,2,2,2,2,2,2,2,2,2,2,2,2,2],204144,0.801042,0.720,163626.893152,0.00,0.00,0.00,0.00,stir-capacity,capacity(g=2^-30),sha3-256,128,384,128,128,128.0,130.0,338.0,65,0.750000,0.2500,30.0,17,true
csv,fib_w2_d2,2,1,2power16,18,[2,2,2,2,2,2,2,2,2,2,2,2,2,2,2,2,4],206416,1.613151,0.731,162504.278311,0.00,0.00,0.00,0.00,stir-capacity,capacity(g=2^-30),sha3-256,128,384,128,128,128.0,130.0,337.0,65,0.750000,0.2500,30.0,17,true
csv,fib_w2_d2,2,1,2power16,19,[2,2,2,2,2,2,2,2,2,2,2,2,2,2,2,2,8],208880,3.334621,0.767,157225.650006,0.00,0.00,0.00,0.00,stir-capacity,capacity(g=2^-30),sha3-256,128,384,128,128,128.0,130.0,336.0,65,0.750000,0.2500,30.0,17,true
csv,fib_w2_d2,2,1,2power16,20,[2,2,2,2,2,2,2,2,2,2,2,2,2,2,2,2,16],211728,6.653211,0.823,157604.507962,0.00,0.00,0.00,0.00,stir-capacity,capacity(g=2^-30),sha3-256,128,384,128,128,128.0,130.0,335.0,65,0.750000,0.2500,30.0,17,true
csv,fib_w2_d2,2,1,2power16,21,[2,2,2,2,2,2,2,2,2,2,2,2,2,2,2,2,32],246544,13.333769,1.055,157281.258865,0.00,0.00,0.00,0.00,stir-capacity,capacity(g=2^-30),sha3-256,128,384,128,128,128.0,130.0,334.0,65,0.750000,0.2500,30.0,17,true
csv,fib_w2_d2,2,1,2power16,22,[2,2,2,2,2,2,2,2,2,2,2,2,2,2,2,2,64],251696,28.467397,1.424,147337.112041,0.00,0.00,0.00,0.00,stir-capacity,capacity(g=2^-30),sha3-256,128,384,128,128,128.0,130.0,333.0,65,0.750000,0.2500,30.0,17,true
csv,fib_w2_d2,2,1,2power16,23,[2,2,2,2,2,2,2,2,2,2,2,2,2,2,2,2,128],259920,55.335125,2.896,151596.440663,0.00,0.00,0.00,0.00,stir-capacity,capacity(g=2^-30),sha3-256,128,384,128,128,128.0,130.0,332.0,65,0.750000,0.2500,30.0,17,true
csv,fib_w2_d2,2,1,2power16,24,[2,2,2,2,2,2,2,2,2,2,2,2,2,2,2,2,256],274288,111.802663,8.732,150060.969254,0.00,0.00,0.00,0.00,stir-capacity,capacity(g=2^-30),sha3-256,128,384,128,128,128.0,130.0,331.0,65,0.750000,0.2500,30.0,17,true
csv,fib_w2_d2,2,1,2power16,25,[2,2,2,2,2,2,2,2,2,2,2,2,2,2,2,2,512],332144,248.970021,31.394,134772.981340,0.00,0.00,0.00,0.00,stir-capacity,capacity(g=2^-30),sha3-256,128,384,128,128,128.0,130.0,330.0,65,0.750000,0.2500,30.0,17,true
csv,fib_w2_d2,2,1,16by16by16,12,[16,16,16],200880,0.025535,0.766,160407.284120,0.00,0.00,0.00,0.00,stir-capacity,capacity(g=2^-30),sha3-256,128,384,128,128,128.0,130.0,343.9,65,0.750000,0.2500,30.0,3,true
csv,fib_w2_d2,2,1,16by16by16,13,[16,16,16,2],262736,0.048157,0.864,170111.147451,0.00,0.00,0.00,0.00,stir-capacity,capacity(g=2^-30),sha3-256,128,384,128,128,128.0,130.0,342.9,65,0.750000,0.2500,30.0,4,true
csv,fib_w2_d2,2,1,16by16by16,14,[16,16,16,4],262928,0.090804,0.865,180431.834920,0.00,0.00,0.00,0.00,stir-capacity,capacity(g=2^-30),sha3-256,128,384,128,128,128.0,130.0,341.9,65,0.750000,0.2500,30.0,4,true
csv,fib_w2_d2,2,1,16by16by16,15,[16,16,16,8],263312,0.180632,0.894,181407.083757,0.00,0.00,0.00,0.00,stir-capacity,capacity(g=2^-30),sha3-256,128,384,128,128,128.0,130.0,340.9,65,0.750000,0.2500,30.0,4,true
csv,fib_w2_d2,2,1,16by16by16,16,[16,16,16,16],264080,0.356936,0.908,183607.145259,54.67,-14.35,38.75,16.76,stir-capacity,capacity(g=2^-30),sha3-256,128,384,128,128,128.0,130.0,339.9,65,0.750000,0.2500,30.0,4,true
csv,fib_w2_d2,2,1,16by16by16,17,[16,16,16,32],328016,0.716353,1.115,182971.340407,60.68,-10.57,55.01,11.82,stir-capacity,capacity(g=2^-30),sha3-256,128,384,128,128,128.0,130.0,338.9,65,0.750000,0.2500,30.0,4,true
csv,fib_w2_d2,2,1,16by16by16,18,[16,16,16,64],331088,1.439140,1.553,182153.283182,60.40,-10.79,112.50,12.09,stir-capacity,capacity(g=2^-30),sha3-256,128,384,128,128,128.0,130.0,337.9,65,0.750000,0.2500,30.0,4,true
csv,fib_w2_d2,2,1,16by16by16,19,[16,16,16,128],337232,2.889355,2.984,181454.999220,61.45,-13.35,289.25,15.41,stir-capacity,capacity(g=2^-30),sha3-256,128,384,128,128,128.0,130.0,336.9,65,0.750000,0.2500,30.0,4,true
csv,fib_w2_d2,2,1,16by16by16,20,[16,16,16,256],349520,5.815213,8.915,180316.009061,65.08,-12.60,983.42,14.41,stir-capacity,capacity(g=2^-30),sha3-256,128,384,128,128,128.0,130.0,335.9,65,0.750000,0.2500,30.0,4,true
csv,fib_w2_d2,2,1,16by16by16,21,[16,16,16,512],436496,11.610501,31.475,180625.446297,77.05,-12.92,2883.77,14.84,stir-capacity,capacity(g=2^-30),sha3-256,128,384,128,128,128.0,130.0,334.9,65,0.750000,0.2500,30.0,4,true
csv,fib_w2_d2,2,1,16by16by16,22,[16,16,16,1024],485648,23.367876,121.165,179490.165903,92.95,-17.91,8406.27,21.82,stir-capacity,capacity(g=2^-30),sha3-256,128,384,128,128,128.0,130.0,333.9,65,0.750000,0.2500,30.0,4,true
csv,fib_w2_d2,2,1,16by16by16,23,[16,16,16,2048],583952,47.964368,482.878,174892.493978,124.67,-13.32,16573.50,15.37,stir-capacity,capacity(g=2^-30),sha3-256,128,384,128,128,128.0,130.0,332.9,65,0.750000,0.2500,30.0,4,true
csv,fib_w2_d2,2,1,16by16by16,24,[16,16,16,4096],780560,99.502817,1921.493,168610.463051,184.58,-11.00,21906.24,12.36,stir-capacity,capacity(g=2^-30),sha3-256,128,384,128,128,128.0,130.0,331.9,65,0.750000,0.2500,30.0,4,true
csv,fib_w2_d2,2,1,16by16by16,25,[16,16,16,8192],1236176,219.517870,7889.855,152855.127147,272.18,-11.83,25031.86,13.42,stir-capacity,capacity(g=2^-30),sha3-256,128,384,128,128,128.0,130.0,330.9,65,0.750000,0.2500,30.0,4,true
csv,fib_w2_d2,2,1,32by16by8,12,[32,16,8],300720,0.034758,1.060,117842.387590,0.00,0.00,0.00,0.00,stir-capacity,capacity(g=2^-30),sha3-256,128,384,128,128,128.0,130.0,344.0,65,0.750000,0.2500,30.0,3,true
csv,fib_w2_d2,2,1,32by16by8,13,[32,16,8,2],331760,0.066004,1.115,124114.318135,0.00,0.00,0.00,0.00,stir-capacity,capacity(g=2^-30),sha3-256,128,384,128,128,128.0,130.0,343.0,65,0.750000,0.2500,30.0,4,true
csv,fib_w2_d2,2,1,32by16by8,14,[32,16,8,4],331952,0.129603,1.125,126416.907731,0.00,0.00,0.00,0.00,stir-capacity,capacity(g=2^-30),sha3-256,128,384,128,128,128.0,130.0,342.0,65,0.750000,0.2500,30.0,4,true
csv,fib_w2_d2,2,1,32by16by8,15,[32,16,8,8],332336,0.256448,1.105,127776.224898,0.00,0.00,0.00,0.00,stir-capacity,capacity(g=2^-30),sha3-256,128,384,128,128,128.0,130.0,341.0,65,0.750000,0.2500,30.0,4,true
csv,fib_w2_d2,2,1,32by16by8,16,[32,16,8,16],397584,0.501287,1.221,130735.410964,132.86,20.28,86.58,-16.86,stir-capacity,capacity(g=2^-30),sha3-256,128,384,128,128,128.0,130.0,340.0,65,0.750000,0.2500,30.0,4,true
csv,fib_w2_d2,2,1,32by16by8,17,[32,16,8,32],430320,1.005161,1.486,130398.951160,110.79,25.48,106.59,-20.31,stir-capacity,capacity(g=2^-30),sha3-256,128,384,128,128,128.0,130.0,339.0,65,0.750000,0.2500,30.0,4,true
csv,fib_w2_d2,2,1,32by16by8,18,[32,16,8,64],433392,2.060706,1.903,127210.745712,109.96,27.74,160.30,-21.72,stir-capacity,capacity(g=2^-30),sha3-256,128,384,128,128,128.0,130.0,338.0,65,0.750000,0.2500,30.0,4,true
csv,fib_w2_d2,2,1,32by16by8,19,[32,16,8,128],439536,4.114838,4.127,127414.008851,110.43,23.40,438.33,-18.96,stir-capacity,capacity(g=2^-30),sha3-256,128,384,128,128,128.0,130.0,337.0,65,0.750000,0.2500,30.0,4,true
csv,fib_w2_d2,2,1,32by16by8,20,[32,16,8,256],451824,8.179578,9.033,128194.395048,113.40,22.94,997.82,-18.66,stir-capacity,capacity(g=2^-30),sha3-256,128,384,128,128,128.0,130.0,336.0,65,0.750000,0.2500,30.0,4,true
csv,fib_w2_d2,2,1,32by16by8,21,[32,16,8,512],572080,16.551420,69.962,126705.258993,132.04,24.13,6532.22,-19.44,stir-capacity,capacity(g=2^-30),sha3-256,128,384,128,128,128.0,130.0,335.0,65,0.750000,0.2500,30.0,4,true
csv,fib_w2_d2,2,1,32by16by8,22,[32,16,8,1024],621232,33.116624,121.875,126652.524792,146.82,16.33,8456.10,-14.04,stir-capacity,capacity(g=2^-30),sha3-256,128,384,128,128,128.0,130.0,334.0,65,0.750000,0.2500,30.0,4,true
csv,fib_w2_d2,2,1,32by16by8,23,[32,16,8,2048],719536,67.465807,482.844,124338.659972,176.83,21.92,16572.31,-17.98,stir-capacity,capacity(g=2^-30),sha3-256,128,384,128,128,128.0,130.0,333.0,65,0.750000,0.2500,30.0,4,true
csv,fib_w2_d2,2,1,32by16by8,24,[32,16,8,4096],916144,140.043057,1928.536,119800.412776,234.01,25.26,21986.90,-20.17,stir-capacity,capacity(g=2^-30),sha3-256,128,384,128,128,128.0,130.0,332.0,65,0.750000,0.2500,30.0,4,true
csv,fib_w2_d2,2,1,32by16by8,25,[32,16,8,8192],1340560,292.592323,7690.221,114679.809789,303.61,17.52,24395.96,-14.91,stir-capacity,capacity(g=2^-30),sha3-256,128,384,128,128,128.0,130.0,331.0,65,0.750000,0.2500,30.0,4,true
csv,fib_w2_d2,2,1,64by32by16,15,[64,32,16],534672,0.409192,2.071,80079.718030,0.00,0.00,0.00,0.00,stir-capacity,capacity(g=2^-30),sha3-256,128,384,128,128,128.0,130.0,341.0,65,0.750000,0.2500,30.0,3,true
csv,fib_w2_d2,2,1,64by32by16,16,[64,32,16,2],534128,0.795562,2.053,82377.029510,212.84,90.89,213.83,-47.61,stir-capacity,capacity(g=2^-30),sha3-256,128,384,128,128,128.0,130.0,340.0,65,0.750000,0.2500,30.0,4,true
csv,fib_w2_d2,2,1,64by32by16,17,[64,32,16,4],565520,1.594728,2.114,82190.835910,177.02,99.08,193.83,-49.77,stir-capacity,capacity(g=2^-30),sha3-256,128,384,128,128,128.0,130.0,339.0,65,0.750000,0.2500,30.0,4,true
csv,fib_w2_d2,2,1,64by32by16,18,[64,32,16,8],565904,3.175157,2.147,82560.961145,174.16,96.83,193.74,-49.19,stir-capacity,capacity(g=2^-30),sha3-256,128,384,128,128,128.0,130.0,338.0,65,0.750000,0.2500,30.0,4,true
csv,fib_w2_d2,2,1,64by32by16,19,[64,32,16,16],697712,6.377504,2.339,82208.959676,234.03,91.25,205.14,-47.71,stir-capacity,capacity(g=2^-30),sha3-256,128,384,128,128,128.0,130.0,337.0,65,0.750000,0.2500,30.0,4,true
csv,fib_w2_d2,2,1,64by32by16,20,[64,32,16,32],699248,12.773961,2.449,82086.990912,230.26,92.00,197.62,-47.92,stir-capacity,capacity(g=2^-30),sha3-256,128,384,128,128,128.0,130.0,336.0,65,0.750000,0.2500,30.0,4,true
csv,fib_w2_d2,2,1,64by32by16,21,[64,32,16,64],733520,25.541524,2.907,82107.551072,197.52,91.56,175.58,-47.80,stir-capacity,capacity(g=2^-30),sha3-256,128,384,128,128,128.0,130.0,335.0,65,0.750000,0.2500,30.0,4,true
csv,fib_w2_d2,2,1,64by32by16,22,[64,32,16,128],739664,51.514080,4.400,81420.535505,193.87,80.96,208.87,-44.74,stir-capacity,capacity(g=2^-30),sha3-256,128,384,128,128,128.0,130.0,334.0,65,0.750000,0.2500,30.0,4,true
csv,fib_w2_d2,2,1,64by32by16,23,[64,32,16,256],751952,104.147057,10.145,80545.800062,189.30,88.21,250.30,-46.87,stir-capacity,capacity(g=2^-30),sha3-256,128,384,128,128,128.0,130.0,333.0,65,0.750000,0.2500,30.0,4,true
csv,fib_w2_d2,2,1,64by32by16,24,[64,32,16,512],776528,215.256061,33.452,77940.736959,183.11,92.53,283.12,-48.06,stir-capacity,capacity(g=2^-30),sha3-256,128,384,128,128,128.0,130.0,332.0,65,0.750000,0.2500,30.0,4,true
csv,fib_w2_d2,2,1,64by32by16,25,[64,32,16,1024],987920,443.138838,127.121,75719.907828,197.44,77.99,304.92,-43.82,stir-capacity,capacity(g=2^-30),sha3-256,128,384,128,128,128.0,130.0,331.0,65,0.750000,0.2500,30.0,4,true
csv,fib_w2_d2,2,1,16by16by8,11,[16,16,8],200112,0.013373,0.732,153139.150697,0.00,0.00,0.00,0.00,stir-capacity,capacity(g=2^-30),sha3-256,128,384,128,128,128.0,130.0,344.9,65,0.750000,0.2500,30.0,3,true
csv,fib_w2_d2,2,1,16by16by8,12,[16,16,8,2],199952,0.027422,0.749,149367.981259,0.00,0.00,0.00,0.00,stir-capacity,capacity(g=2^-30),sha3-256,128,384,128,128,128.0,130.0,343.9,65,0.750000,0.2500,30.0,4,true
csv,fib_w2_d2,2,1,16by16by8,13,[16,16,8,4],262544,0.051708,0.851,158427.584563,0.00,0.00,0.00,0.00,stir-capacity,capacity(g=2^-30),sha3-256,128,384,128,128,128.0,130.0,342.9,65,0.750000,0.2500,30.0,4,true
csv,fib_w2_d2,2,1,16by16by8,14,[16,16,8,8],262928,0.098969,0.870,165546.508035,0.00,0.00,0.00,0.00,stir-capacity,capacity(g=2^-30),sha3-256,128,384,128,128,128.0,130.0,341.9,65,0.750000,0.2500,30.0,4,true
csv,fib_w2_d2,2,1,16by16by8,15,[16,16,8,16],263696,0.189082,0.904,173300.320666,0.00,0.00,0.00,0.00,stir-capacity,capacity(g=2^-30),sha3-256,128,384,128,128,128.0,130.0,340.9,65,0.750000,0.2500,30.0,4,true
csv,fib_w2_d2,2,1,16by16by8,16,[16,16,8,32],265232,0.378392,1.050,173195.897779,55.35,-9.21,60.46,10.14,stir-capacity,capacity(g=2^-30),sha3-256,128,384,128,128,128.0,130.0,339.9,65,0.750000,0.2500,30.0,4,true
csv,fib_w2_d2,2,1,16by16by8,17,[16,16,8,64],330704,0.757098,1.551,173124.285600,62.00,-5.49,115.57,5.80,stir-capacity,capacity(g=2^-30),sha3-256,128,384,128,128,128.0,130.0,338.9,65,0.750000,0.2500,30.0,4,true
csv,fib_w2_d2,2,1,16by16by8,18,[16,16,8,128],336848,1.556021,3.035,168470.729459,63.19,-3.54,315.18,3.67,stir-capacity,capacity(g=2^-30),sha3-256,128,384,128,128,128.0,130.0,337.9,65,0.750000,0.2500,30.0,4,true
csv,fib_w2_d2,2,1,16by16by8,19,[16,16,8,256],349136,3.140251,9.515,166957.345857,67.15,-5.83,1141.35,6.19,stir-capacity,capacity(g=2^-30),sha3-256,128,384,128,128,128.0,130.0,336.9,65,0.750000,0.2500,30.0,4,true
csv,fib_w2_d2,2,1,16by16by8,20,[16,16,8,512],373712,6.390124,32.997,164093.220633,76.51,-3.95,3910.19,4.12,stir-capacity,capacity(g=2^-30),sha3-256,128,384,128,128,128.0,130.0,335.9,65,0.750000,0.2500,30.0,4,true
csv,fib_w2_d2,2,1,16by16by8,21,[16,16,8,1024],485264,11.799006,122.206,177739.714309,96.83,-11.51,11484.91,13.01,stir-capacity,capacity(g=2^-30),sha3-256,128,384,128,128,128.0,130.0,334.9,65,0.750000,0.2500,30.0,4,true
csv,fib_w2_d2,2,1,16by16by8,22,[16,16,8,2048],583568,23.979342,480.451,174913.226564,131.85,-15.77,33629.64,18.72,stir-capacity,capacity(g=2^-30),sha3-256,128,384,128,128,128.0,130.0,333.9,65,0.750000,0.2500,30.0,4,true
csv,fib_w2_d2,2,1,16by16by8,23,[16,16,8,4096],780176,50.573544,1925.559,165869.490563,200.16,-8.60,66388.39,9.42,stir-capacity,capacity(g=2^-30),sha3-256,128,384,128,128,128.0,130.0,332.9,65,0.750000,0.2500,30.0,4,true
csv,fib_w2_d2,2,1,16by16by8,24,[16,16,8,8192],1173392,112.216443,7653.552,149507.643569,327.80,0.37,87553.66,-0.37,stir-capacity,capacity(g=2^-30),sha3-256,128,384,128,128,128.0,130.0,331.9,65,0.750000,0.2500,30.0,4,true
csv,fib_w2_d2,2,1,16by16by8,25,[16,16,8,16384],2022224,268.221813,30888.169,125099.564399,508.84,7.73,98289.29,-7.18,stir-capacity,capacity(g=2^-30),sha3-256,128,384,128,128,128.0,130.0,330.9,65,0.750000,0.2500,30.0,4,true
csv,poseidon_w16_d2,16,16,2power16,16,[2,2,2,2,2,2,2,2,2,2,2,2,2,2,2,2],170736,0.402997,0.665,162621.641911,0.00,0.00,0.00,0.00,stir-capacity,capacity(g=2^-30),sha3-256,128,384,128,128,128.0,130.0,339.0,65,0.750000,0.2500,30.0,16,true
csv,poseidon_w16_d2,16,16,2power16,17,[2,2,2,2,2,2,2,2,2,2,2,2,2,2,2,2,2],204144,0.796114,0.717,164639.642809,0.00,0.00,0.00,0.00,stir-capacity,capacity(g=2^-30),sha3-256,128,384,128,128,128.0,130.0,338.0,65,0.750000,0.2500,30.0,17,true
csv,poseidon_w16_d2,16,16,2power16,18,[2,2,2,2,2,2,2,2,2,2,2,2,2,2,2,2,4],206416,1.593233,0.756,164535.931356,0.00,0.00,0.00,0.00,stir-capacity,capacity(g=2^-30),sha3-256,128,384,128,128,128.0,130.0,337.0,65,0.750000,0.2500,30.0,17,true
csv,poseidon_w16_d2,16,16,2power16,19,[2,2,2,2,2,2,2,2,2,2,2,2,2,2,2,2,8],208880,3.182997,0.762,164715.206115,0.00,0.00,0.00,0.00,stir-capacity,capacity(g=2^-30),sha3-256,128,384,128,128,128.0,130.0,336.0,65,0.750000,0.2500,30.0,17,true
csv,poseidon_w16_d2,16,16,2power16,20,[2,2,2,2,2,2,2,2,2,2,2,2,2,2,2,2,16],211728,6.402636,0.807,163772.535516,0.00,0.00,0.00,0.00,stir-capacity,capacity(g=2^-30),sha3-256,128,384,128,128,128.0,130.0,335.0,65,0.750000,0.2500,30.0,17,true
csv,poseidon_w16_d2,16,16,2power16,21,[2,2,2,2,2,2,2,2,2,2,2,2,2,2,2,2,32],246544,13.058661,1.013,160594.722548,0.00,0.00,0.00,0.00,stir-capacity,capacity(g=2^-30),sha3-256,128,384,128,128,128.0,130.0,334.0,65,0.750000,0.2500,30.0,17,true
csv,poseidon_w16_d2,16,16,2power16,22,[2,2,2,2,2,2,2,2,2,2,2,2,2,2,2,2,64],251696,25.693784,1.391,163241.973494,0.00,0.00,0.00,0.00,stir-capacity,capacity(g=2^-30),sha3-256,128,384,128,128,128.0,130.0,333.0,65,0.750000,0.2500,30.0,17,true
csv,poseidon_w16_d2,16,16,2power16,23,[2,2,2,2,2,2,2,2,2,2,2,2,2,2,2,2,128],259920,52.396479,2.886,160098.695309,0.00,0.00,0.00,0.00,stir-capacity,capacity(g=2^-30),sha3-256,128,384,128,128,128.0,130.0,332.0,65,0.750000,0.2500,30.0,17,true
csv,poseidon_w16_d2,16,16,2power16,24,[2,2,2,2,2,2,2,2,2,2,2,2,2,2,2,2,256],274288,108.886355,8.642,154080.058385,0.00,0.00,0.00,0.00,stir-capacity,capacity(g=2^-30),sha3-256,128,384,128,128,128.0,130.0,331.0,65,0.750000,0.2500,30.0,17,true
csv,poseidon_w16_d2,16,16,2power16,25,[2,2,2,2,2,2,2,2,2,2,2,2,2,2,2,2,512],332144,230.988024,31.167,145264.812307,0.00,0.00,0.00,0.00,stir-capacity,capacity(g=2^-30),sha3-256,128,384,128,128,128.0,130.0,330.0,65,0.750000,0.2500,30.0,17,true
csv,poseidon_w16_d2,16,16,16by16by16,12,[16,16,16],200880,0.026222,0.789,156205.458229,0.00,0.00,0.00,0.00,stir-capacity,capacity(g=2^-30),sha3-256,128,384,128,128,128.0,130.0,343.9,65,0.750000,0.2500,30.0,3,true
csv,poseidon_w16_d2,16,16,16by16by16,13,[16,16,16,2],262736,0.048687,0.890,168257.313083,0.00,0.00,0.00,0.00,stir-capacity,capacity(g=2^-30),sha3-256,128,384,128,128,128.0,130.0,342.9,65,0.750000,0.2500,30.0,4,true
csv,poseidon_w16_d2,16,16,16by16by16,14,[16,16,16,4],262928,0.097545,0.891,167963.719263,0.00,0.00,0.00,0.00,stir-capacity,capacity(g=2^-30),sha3-256,128,384,128,128,128.0,130.0,341.9,65,0.750000,0.2500,30.0,4,true
csv,poseidon_w16_d2,16,16,16by16by16,15,[16,16,16,8],263312,0.189233,0.900,173162.071915,0.00,0.00,0.00,0.00,stir-capacity,capacity(g=2^-30),sha3-256,128,384,128,128,128.0,130.0,340.9,65,0.750000,0.2500,30.0,4,true
csv,poseidon_w16_d2,16,16,16by16by16,16,[16,16,16,16],264080,0.377574,0.923,173571.158520,54.67,-6.31,38.78,6.73,stir-capacity,capacity(g=2^-30),sha3-256,128,384,128,128,128.0,130.0,339.9,65,0.750000,0.2500,30.0,4,true
csv,poseidon_w16_d2,16,16,16by16by16,17,[16,16,16,32],328016,0.721407,1.125,181689.309221,60.68,-9.38,56.79,10.36,stir-capacity,capacity(g=2^-30),sha3-256,128,384,128,128,128.0,130.0,338.9,65,0.750000,0.2500,30.0,4,true
csv,poseidon_w16_d2,16,16,16by16by16,18,[16,16,16,64],331088,1.429435,1.514,183389.892670,60.40,-10.28,100.18,11.46,stir-capacity,capacity(g=2^-30),sha3-256,128,384,128,128,128.0,130.0,337.9,65,0.750000,0.2500,30.0,4,true
csv,poseidon_w16_d2,16,16,16by16by16,19,[16,16,16,128],337232,2.839607,2.990,184634.022061,61.45,-10.79,292.37,12.09,stir-capacity,capacity(g=2^-30),sha3-256,128,384,128,128,128.0,130.0,336.9,65,0.750000,0.2500,30.0,4,true
csv,poseidon_w16_d2,16,16,16by16by16,20,[16,16,16,256],349520,5.700776,8.691,183935.670110,65.08,-10.96,977.03,12.31,stir-capacity,capacity(g=2^-30),sha3-256,128,384,128,128,128.0,130.0,335.9,65,0.750000,0.2500,30.0,4,true
csv,poseidon_w16_d2,16,16,16by16by16,21,[16,16,16,512],436496,11.455974,31.338,183061.861990,77.05,-12.27,2993.71,13.99,stir-capacity,capacity(g=2^-30),sha3-256,128,384,128,128,128.0,130.0,334.9,65,0.750000,0.2500,30.0,4,true
csv,poseidon_w16_d2,16,16,16by16by16,22,[16,16,16,1024],485648,23.066898,121.208,181832.167487,92.95,-10.22,8612.96,11.39,stir-capacity,capacity(g=2^-30),sha3-256,128,384,128,128,128.0,130.0,333.9,65,0.750000,0.2500,30.0,4,true
csv,poseidon_w16_d2,16,16,16by16by16,23,[16,16,16,2048],583952,46.855452,474.234,179031.630997,124.67,-10.58,16333.16,11.83,stir-capacity,capacity(g=2^-30),sha3-256,128,384,128,128,128.0,130.0,332.9,65,0.750000,0.2500,30.0,4,true
csv,poseidon_w16_d2,16,16,16by16by16,24,[16,16,16,4096],780560,96.941340,1889.007,173065.649879,184.58,-10.97,21759.09,12.32,stir-capacity,capacity(g=2^-30),sha3-256,128,384,128,128,128.0,130.0,331.9,65,0.750000,0.2500,30.0,4,true
csv,poseidon_w16_d2,16,16,16by16by16,25,[16,16,16,8192],1236176,212.192634,7649.485,158131.936157,272.18,-8.14,24443.67,8.86,stir-capacity,capacity(g=2^-30),sha3-256,128,384,128,128,128.0,130.0,330.9,65,0.750000,0.2500,30.0,4,true
csv,poseidon_w16_d2,16,16,32by16by8,12,[32,16,8],300720,0.032696,1.015,125275.102106,0.00,0.00,0.00,0.00,stir-capacity,capacity(g=2^-30),sha3-256,128,384,128,128,128.0,130.0,344.0,65,0.750000,0.2500,30.0,3,true
csv,poseidon_w16_d2,16,16,32by16by8,13,[32,16,8,2],331760,0.062734,1.017,130583.271735,0.00,0.00,0.00,0.00,stir-capacity,capacity(g=2^-30),sha3-256,128,384,128,128,128.0,130.0,343.0,65,0.750000,0.2500,30.0,4,true
csv,poseidon_w16_d2,16,16,32by16by8,14,[32,16,8,4],331952,0.123634,1.026,132519.867546,0.00,0.00,0.00,0.00,stir-capacity,capacity(g=2^-30),sha3-256,128,384,128,128,128.0,130.0,342.0,65,0.750000,0.2500,30.0,4,true
csv,poseidon_w16_d2,16,16,32by16by8,15,[32,16,8,8],332336,0.247061,1.033,132631.391838,0.00,0.00,0.00,0.00,stir-capacity,capacity(g=2^-30),sha3-256,128,384,128,128,128.0,130.0,341.0,65,0.750000,0.2500,30.0,4,true
csv,poseidon_w16_d2,16,16,32by16by8,16,[32,16,8,16],397584,0.494152,1.156,132623.272402,132.86,22.62,73.72,-18.45,stir-capacity,capacity(g=2^-30),sha3-256,128,384,128,128,128.0,130.0,340.0,65,0.750000,0.2500,30.0,4,true
csv,poseidon_w16_d2,16,16,32by16by8,17,[32,16,8,32],430320,0.985047,1.349,133061.716151,110.79,23.73,88.09,-19.18,stir-capacity,capacity(g=2^-30),sha3-256,128,384,128,128,128.0,130.0,339.0,65,0.750000,0.2500,30.0,4,true
csv,poseidon_w16_d2,16,16,32by16by8,18,[32,16,8,64],433392,1.964020,1.693,133473.168419,109.96,23.27,123.92,-18.88,stir-capacity,capacity(g=2^-30),sha3-256,128,384,128,128,128.0,130.0,338.0,65,0.750000,0.2500,30.0,4,true
csv,poseidon_w16_d2,16,16,32by16by8,19,[32,16,8,128],439536,3.945689,3.179,132876.152267,110.43,23.96,317.21,-19.33,stir-capacity,capacity(g=2^-30),sha3-256,128,384,128,128,128.0,130.0,337.0,65,0.750000,0.2500,30.0,4,true
csv,poseidon_w16_d2,16,16,32by16by8,20,[32,16,8,256],451824,7.923910,8.816,132330.635964,113.40,23.76,992.62,-19.20,stir-capacity,capacity(g=2^-30),sha3-256,128,384,128,128,128.0,130.0,336.0,65,0.750000,0.2500,30.0,4,true
csv,poseidon_w16_d2,16,16,32by16by8,21,[32,16,8,512],572080,15.946195,31.642,131514.257452,132.04,22.11,3023.76,-18.11,stir-capacity,capacity(g=2^-30),sha3-256,128,384,128,128,128.0,130.0,335.0,65,0.750000,0.2500,30.0,4,true
csv,poseidon_w16_d2,16,16,32by16by8,22,[32,16,8,1024],621232,32.009866,121.527,131031.602175,146.82,24.58,8635.87,-19.73,stir-capacity,capacity(g=2^-30),sha3-256,128,384,128,128,128.0,130.0,334.0,65,0.750000,0.2500,30.0,4,true
csv,poseidon_w16_d2,16,16,32by16by8,23,[32,16,8,2048],719536,64.887097,478.157,129280.063848,176.83,23.84,16469.12,-19.25,stir-capacity,capacity(g=2^-30),sha3-256,128,384,128,128,128.0,130.0,333.0,65,0.750000,0.2500,30.0,4,true
csv,poseidon_w16_d2,16,16,32by16by8,24,[32,16,8,4096],916144,132.613551,1913.241,126512.079052,234.01,21.79,22039.51,-17.89,stir-capacity,capacity(g=2^-30),sha3-256,128,384,128,128,128.0,130.0,332.0,65,0.750000,0.2500,30.0,4,true
csv,poseidon_w16_d2,16,16,32by16by8,25,[32,16,8,8192],1340560,284.211415,7653.880,118061.521071,303.61,23.04,24457.77,-18.73,stir-capacity,capacity(g=2^-30),sha3-256,128,384,128,128,128.0,130.0,331.0,65,0.750000,0.2500,30.0,4,true
csv,poseidon_w16_d2,16,16,64by32by16,15,[64,32,16],534672,0.401656,2.089,81582.342717,0.00,0.00,0.00,0.00,stir-capacity,capacity(g=2^-30),sha3-256,128,384,128,128,128.0,130.0,341.0,65,0.750000,0.2500,30.0,3,true
csv,poseidon_w16_d2,16,16,64by32by16,16,[64,32,16,2],534128,0.791390,2.055,82811.251749,212.84,96.38,208.99,-49.08,stir-capacity,capacity(g=2^-30),sha3-256,128,384,128,128,128.0,130.0,340.0,65,0.750000,0.2500,30.0,4,true
csv,poseidon_w16_d2,16,16,64by32by16,17,[64,32,16,4],565520,1.589580,2.122,82457.018546,177.02,99.67,195.88,-49.92,stir-capacity,capacity(g=2^-30),sha3-256,128,384,128,128,128.0,130.0,339.0,65,0.750000,0.2500,30.0,4,true
csv,poseidon_w16_d2,16,16,64by32by16,18,[64,32,16,8],565904,3.184543,2.168,82317.624145,174.16,99.88,186.72,-49.97,stir-capacity,capacity(g=2^-30),sha3-256,128,384,128,128,128.0,130.0,338.0,65,0.750000,0.2500,30.0,4,true
csv,poseidon_w16_d2,16,16,64by32by16,19,[64,32,16,16],697712,6.399515,2.218,81926.212209,234.03,101.05,191.03,-50.26,stir-capacity,capacity(g=2^-30),sha3-256,128,384,128,128,128.0,130.0,337.0,65,0.750000,0.2500,30.0,4,true
csv,poseidon_w16_d2,16,16,64by32by16,20,[64,32,16,32],699248,12.764898,2.407,82145.268426,230.26,99.37,198.25,-49.84,stir-capacity,capacity(g=2^-30),sha3-256,128,384,128,128,128.0,130.0,336.0,65,0.750000,0.2500,30.0,4,true
csv,poseidon_w16_d2,16,16,64by32by16,21,[64,32,16,64],733520,25.484216,2.883,82292.192691,197.52,95.15,184.62,-48.76,stir-capacity,capacity(g=2^-30),sha3-256,128,384,128,128,128.0,130.0,335.0,65,0.750000,0.2500,30.0,4,true
csv,poseidon_w16_d2,16,16,64by32by16,22,[64,32,16,128],739664,51.241973,4.479,81852.897610,193.87,99.43,221.94,-49.86,stir-capacity,capacity(g=2^-30),sha3-256,128,384,128,128,128.0,130.0,334.0,65,0.750000,0.2500,30.0,4,true
csv,poseidon_w16_d2,16,16,64by32by16,23,[64,32,16,256],751952,103.950107,10.111,80698.406527,189.30,98.39,250.35,-49.59,stir-capacity,capacity(g=2^-30),sha3-256,128,384,128,128,128.0,130.0,333.0,65,0.750000,0.2500,30.0,4,true
csv,poseidon_w16_d2,16,16,64by32by16,24,[64,32,16,512],776528,211.934276,33.469,79162.353097,183.11,94.64,287.29,-48.62,stir-capacity,capacity(g=2^-30),sha3-256,128,384,128,128,128.0,130.0,332.0,65,0.750000,0.2500,30.0,4,true
csv,poseidon_w16_d2,16,16,64by32by16,25,[64,32,16,1024],987920,426.523788,122.392,78669.544172,197.44,84.65,292.70,-45.84,stir-capacity,capacity(g=2^-30),sha3-256,128,384,128,128,128.0,130.0,331.0,65,0.750000,0.2500,30.0,4,true
csv,poseidon_w16_d2,16,16,16by16by8,11,[16,16,8],200112,0.012840,0.718,159506.737875,0.00,0.00,0.00,0.00,stir-capacity,capacity(g=2^-30),sha3-256,128,384,128,128,128.0,130.0,344.9,65,0.750000,0.2500,30.0,3,true
csv,poseidon_w16_d2,16,16,16by16by8,12,[16,16,8,2],199952,0.025970,0.747,157721.964978,0.00,0.00,0.00,0.00,stir-capacity,capacity(g=2^-30),sha3-256,128,384,128,128,128.0,130.0,343.9,65,0.750000,0.2500,30.0,4,true
csv,poseidon_w16_d2,16,16,16by16by8,13,[16,16,8,4],262544,0.047340,0.856,173047.267105,0.00,0.00,0.00,0.00,stir-capacity,capacity(g=2^-30),sha3-256,128,384,128,128,128.0,130.0,342.9,65,0.750000,0.2500,30.0,4,true
csv,poseidon_w16_d2,16,16,16by16by8,14,[16,16,8,8],262928,0.093463,0.869,175299.940884,0.00,0.00,0.00,0.00,stir-capacity,capacity(g=2^-30),sha3-256,128,384,128,128,128.0,130.0,341.9,65,0.750000,0.2500,30.0,4,true
csv,poseidon_w16_d2,16,16,16by16by8,15,[16,16,8,16],263696,0.185742,0.933,176416.908732,0.00,0.00,0.00,0.00,stir-capacity,capacity(g=2^-30),sha3-256,128,384,128,128,128.0,130.0,340.9,65,0.750000,0.2500,30.0,4,true
csv,poseidon_w16_d2,16,16,16by16by8,16,[16,16,8,32],265232,0.361428,0.995,181325.334360,55.35,-10.31,49.60,11.50,stir-capacity,capacity(g=2^-30),sha3-256,128,384,128,128,128.0,130.0,339.9,65,0.750000,0.2500,30.0,4,true
csv,poseidon_w16_d2,16,16,16by16by8,17,[16,16,8,64],330704,0.718697,1.498,182374.512930,62.00,-9.72,108.91,10.77,stir-capacity,capacity(g=2^-30),sha3-256,128,384,128,128,128.0,130.0,338.9,65,0.750000,0.2500,30.0,4,true
csv,poseidon_w16_d2,16,16,16by16by8,18,[16,16,8,128],336848,1.434991,2.916,182679.859546,63.19,-9.93,285.61,11.03,stir-capacity,capacity(g=2^-30),sha3-256,128,384,128,128,128.0,130.0,337.9,65,0.750000,0.2500,30.0,4,true
csv,poseidon_w16_d2,16,16,16by16by8,19,[16,16,8,256],349136,2.865766,8.694,182948.672004,67.15,-9.97,1040.95,11.07,stir-capacity,capacity(g=2^-30),sha3-256,128,384,128,128,128.0,130.0,336.9,65,0.750000,0.2500,30.0,4,true
csv,poseidon_w16_d2,16,16,16by16by8,20,[16,16,8,512],373712,5.839177,31.235,179575.999305,76.51,-8.80,3770.97,9.65,stir-capacity,capacity(g=2^-30),sha3-256,128,384,128,128,128.0,130.0,335.9,65,0.750000,0.2500,30.0,4,true
csv,poseidon_w16_d2,16,16,16by16by8,21,[16,16,8,1024],485264,11.648500,120.840,180036.232354,96.83,-10.80,11829.40,12.11,stir-capacity,capacity(g=2^-30),sha3-256,128,384,128,128,128.0,130.0,334.9,65,0.750000,0.2500,30.0,4,true
csv,poseidon_w16_d2,16,16,16by16by8,22,[16,16,8,2048],583568,23.801659,476.449,176218.978241,131.85,-7.36,34149.22,7.95,stir-capacity,capacity(g=2^-30),sha3-256,128,384,128,128,128.0,130.0,333.9,65,0.750000,0.2500,30.0,4,true
csv,poseidon_w16_d2,16,16,16by16by8,23,[16,16,8,4096],780176,50.669917,1976.714,165554.009575,200.16,-3.30,68397.15,3.41,stir-capacity,capacity(g=2^-30),sha3-256,128,384,128,128,128.0,130.0,332.9,65,0.750000,0.2500,30.0,4,true
csv,poseidon_w16_d2,16,16,16by16by8,24,[16,16,8,8192],1173392,110.559487,7623.598,151748.315985,327.80,1.54,88118.22,-1.51,stir-capacity,capacity(g=2^-30),sha3-256,128,384,128,128,128.0,130.0,331.9,65,0.750000,0.2500,30.0,4,true
csv,poseidon_w16_d2,16,16,16by16by8,25,[16,16,8,16384],2022224,265.614064,30681.815,126327.768488,508.84,14.99,98343.80,-13.04,stir-capacity,capacity(g=2^-30),sha3-256,128,384,128,128,128.0,130.0,330.9,65,0.750000,0.2500,30.0,4,true
csv,regmach_w8_d2,8,8,2power16,16,[2,2,2,2,2,2,2,2,2,2,2,2,2,2,2,2],170736,0.404969,0.661,161829.487892,0.00,0.00,0.00,0.00,stir-capacity,capacity(g=2^-30),sha3-256,128,384,128,128,128.0,130.0,339.0,65,0.750000,0.2500,30.0,16,true
csv,regmach_w8_d2,8,8,2power16,17,[2,2,2,2,2,2,2,2,2,2,2,2,2,2,2,2,2],204144,0.791203,0.712,165661.665790,0.00,0.00,0.00,0.00,stir-capacity,capacity(g=2^-30),sha3-256,128,384,128,128,128.0,130.0,338.0,65,0.750000,0.2500,30.0,17,true
csv,regmach_w8_d2,8,8,2power16,18,[2,2,2,2,2,2,2,2,2,2,2,2,2,2,2,2,4],206416,1.579138,0.720,166004.499888,0.00,0.00,0.00,0.00,stir-capacity,capacity(g=2^-30),sha3-256,128,384,128,128,128.0,130.0,337.0,65,0.750000,0.2500,30.0,17,true
csv,regmach_w8_d2,8,8,2power16,19,[2,2,2,2,2,2,2,2,2,2,2,2,2,2,2,2,8],208880,3.167668,0.773,165512.312249,0.00,0.00,0.00,0.00,stir-capacity,capacity(g=2^-30),sha3-256,128,384,128,128,128.0,130.0,336.0,65,0.750000,0.2500,30.0,17,true
csv,regmach_w8_d2,8,8,2power16,20,[2,2,2,2,2,2,2,2,2,2,2,2,2,2,2,2,16],211728,6.360833,0.806,164848.843783,0.00,0.00,0.00,0.00,stir-capacity,capacity(g=2^-30),sha3-256,128,384,128,128,128.0,130.0,335.0,65,0.750000,0.2500,30.0,17,true
csv,regmach_w8_d2,8,8,2power16,21,[2,2,2,2,2,2,2,2,2,2,2,2,2,2,2,2,32],246544,12.913800,1.003,162396.199461,0.00,0.00,0.00,0.00,stir-capacity,capacity(g=2^-30),sha3-256,128,384,128,128,128.0,130.0,334.0,65,0.750000,0.2500,30.0,17,true
csv,regmach_w8_d2,8,8,2power16,22,[2,2,2,2,2,2,2,2,2,2,2,2,2,2,2,2,64],251696,26.181896,1.384,160198.632671,0.00,0.00,0.00,0.00,stir-capacity,capacity(g=2^-30),sha3-256,128,384,128,128,128.0,130.0,333.0,65,0.750000,0.2500,30.0,17,true
csv,regmach_w8_d2,8,8,2power16,23,[2,2,2,2,2,2,2,2,2,2,2,2,2,2,2,2,128],259920,51.989126,2.885,161353.125518,0.00,0.00,0.00,0.00,stir-capacity,capacity(g=2^-30),sha3-256,128,384,128,128,128.0,130.0,332.0,65,0.750000,0.2500,30.0,17,true
csv,regmach_w8_d2,8,8,2power16,24,[2,2,2,2,2,2,2,2,2,2,2,2,2,2,2,2,256],274288,106.478447,8.613,157564.431856,0.00,0.00,0.00,0.00,stir-capacity,capacity(g=2^-30),sha3-256,128,384,128,128,128.0,130.0,331.0,65,0.750000,0.2500,30.0,17,true
csv,regmach_w8_d2,8,8,2power16,25,[2,2,2,2,2,2,2,2,2,2,2,2,2,2,2,2,512],332144,241.496381,31.250,138943.829796,0.00,0.00,0.00,0.00,stir-capacity,capacity(g=2^-30),sha3-256,128,384,128,128,128.0,130.0,330.0,65,0.750000,0.2500,30.0,17,true
csv,regmach_w8_d2,8,8,16by16by16,12,[16,16,16],200880,0.024377,0.765,168029.534144,0.00,0.00,0.00,0.00,stir-capacity,capacity(g=2^-30),sha3-256,128,384,128,128,128.0,130.0,343.9,65,0.750000,0.2500,30.0,3,true
csv,regmach_w8_d2,8,8,16by16by16,13,[16,16,16,2],262736,0.046212,0.842,177268.216289,0.00,0.00,0.00,0.00,stir-capacity,capacity(g=2^-30),sha3-256,128,384,128,128,128.0,130.0,342.9,65,0.750000,0.2500,30.0,4,true
csv,regmach_w8_d2,8,8,16by16by16,14,[16,16,16,4],262928,0.093549,0.858,175137.694851,0.00,0.00,0.00,0.00,stir-capacity,capacity(g=2^-30),sha3-256,128,384,128,128,128.0,130.0,341.9,65,0.750000,0.2500,30.0,4,true
csv,regmach_w8_d2,8,8,16by16by16,15,[16,16,16,8],263312,0.183330,0.874,178737.551495,0.00,0.00,0.00,0.00,stir-capacity,capacity(g=2^-30),sha3-256,128,384,128,128,128.0,130.0,340.9,65,0.750000,0.2500,30.0,4,true
csv,regmach_w8_d2,8,8,16by16by16,16,[16,16,16,16],264080,0.360710,0.905,181685.867198,54.67,-10.93,36.96,12.27,stir-capacity,capacity(g=2^-30),sha3-256,128,384,128,128,128.0,130.0,339.9,65,0.750000,0.2500,30.0,4,true
csv,regmach_w8_d2,8,8,16by16by16,17,[16,16,16,32],328016,0.717527,1.123,182671.765419,60.68,-9.31,57.68,10.27,stir-capacity,capacity(g=2^-30),sha3-256,128,384,128,128,128.0,130.0,338.9,65,0.750000,0.2500,30.0,4,true
csv,regmach_w8_d2,8,8,16by16by16,18,[16,16,16,64],331088,1.423513,1.547,184152.883057,60.40,-9.86,114.68,10.93,stir-capacity,capacity(g=2^-30),sha3-256,128,384,128,128,128.0,130.0,337.9,65,0.750000,0.2500,30.0,4,true
csv,regmach_w8_d2,8,8,16by16by16,19,[16,16,16,128],337232,2.871276,2.993,182597.589351,61.45,-9.36,287.19,10.32,stir-capacity,capacity(g=2^-30),sha3-256,128,384,128,128,128.0,130.0,336.9,65,0.750000,0.2500,30.0,4,true
csv,regmach_w8_d2,8,8,16by16by16,20,[16,16,16,256],349520,6.048610,8.758,173358.187254,65.08,-4.91,987.08,5.16,stir-capacity,capacity(g=2^-30),sha3-256,128,384,128,128,128.0,130.0,335.9,65,0.750000,0.2500,30.0,4,true
csv,regmach_w8_d2,8,8,16by16by16,21,[16,16,16,512],436496,11.613754,31.449,180574.859137,77.05,-10.07,3036.80,11.19,stir-capacity,capacity(g=2^-30),sha3-256,128,384,128,128,128.0,130.0,334.9,65,0.750000,0.2500,30.0,4,true
csv,regmach_w8_d2,8,8,16by16by16,22,[16,16,16,1024],485648,24.085275,123.166,174143.909773,92.95,-8.01,8797.37,8.70,stir-capacity,capacity(g=2^-30),sha3-256,128,384,128,128,128.0,130.0,333.9,65,0.750000,0.2500,30.0,4,true
csv,regmach_w8_d2,8,8,16by16by16,23,[16,16,16,2048],583952,50.836208,479.243,165012.464589,124.67,-2.22,16514.42,2.27,stir-capacity,capacity(g=2^-30),sha3-256,128,384,128,128,128.0,130.0,332.9,65,0.750000,0.2500,30.0,4,true
csv,regmach_w8_d2,8,8,16by16by16,24,[16,16,16,4096],780560,97.882343,1909.836,171401.864364,184.58,-8.07,22073.12,8.78,stir-capacity,capacity(g=2^-30),sha3-256,128,384,128,128,128.0,130.0,331.9,65,0.750000,0.2500,30.0,4,true
csv,regmach_w8_d2,8,8,16by16by16,25,[16,16,16,8192],1236176,218.404999,7685.079,153633.992717,272.18,-9.56,24492.35,10.57,stir-capacity,capacity(g=2^-30),sha3-256,128,384,128,128,128.0,130.0,330.9,65,0.750000,0.2500,30.0,4,true
csv,regmach_w8_d2,8,8,32by16by8,12,[32,16,8],300720,0.034330,1.046,119314.003902,0.00,0.00,0.00,0.00,stir-capacity,capacity(g=2^-30),sha3-256,128,384,128,128,128.0,130.0,344.0,65,0.750000,0.2500,30.0,3,true
csv,regmach_w8_d2,8,8,32by16by8,13,[32,16,8,2],331760,0.067863,1.096,120714.680420,0.00,0.00,0.00,0.00,stir-capacity,capacity(g=2^-30),sha3-256,128,384,128,128,128.0,130.0,343.0,65,0.750000,0.2500,30.0,4,true
csv,regmach_w8_d2,8,8,32by16by8,14,[32,16,8,4],331952,0.127776,1.084,128224.099663,0.00,0.00,0.00,0.00,stir-capacity,capacity(g=2^-30),sha3-256,128,384,128,128,128.0,130.0,342.0,65,0.750000,0.2500,30.0,4,true
csv,regmach_w8_d2,8,8,32by16by8,15,[32,16,8,8],332336,0.250473,1.084,130824.306155,0.00,0.00,0.00,0.00,stir-capacity,capacity(g=2^-30),sha3-256,128,384,128,128,128.0,130.0,341.0,65,0.750000,0.2500,30.0,4,true
csv,regmach_w8_d2,8,8,32by16by8,16,[32,16,8,16],397584,0.497301,1.210,131783.267239,132.86,22.80,83.09,-18.57,stir-capacity,capacity(g=2^-30),sha3-256,128,384,128,128,128.0,130.0,340.0,65,0.750000,0.2500,30.0,4,true
csv,regmach_w8_d2,8,8,32by16by8,17,[32,16,8,32],430320,0.988580,1.370,132586.111249,110.79,24.95,92.48,-19.97,stir-capacity,capacity(g=2^-30),sha3-256,128,384,128,128,128.0,130.0,339.0,65,0.750000,0.2500,30.0,4,true
csv,regmach_w8_d2,8,8,32by16by8,18,[32,16,8,64],433392,1.978736,1.787,132480.558134,109.96,25.30,148.10,-20.19,stir-capacity,capacity(g=2^-30),sha3-256,128,384,128,128,128.0,130.0,338.0,65,0.750000,0.2500,30.0,4,true
csv,regmach_w8_d2,8,8,32by16by8,19,[32,16,8,128],439536,3.969394,3.253,132082.642724,110.43,25.31,320.81,-20.20,stir-capacity,capacity(g=2^-30),sha3-256,128,384,128,128,128.0,130.0,337.0,65,0.750000,0.2500,30.0,4,true
csv,regmach_w8_d2,8,8,32by16by8,20,[32,16,8,256],451824,7.956762,8.889,131784.254774,113.40,25.09,1003.35,-20.06,stir-capacity,capacity(g=2^-30),sha3-256,128,384,128,128,128.0,130.0,336.0,65,0.750000,0.2500,30.0,4,true
csv,regmach_w8_d2,8,8,32by16by8,21,[32,16,8,512],572080,15.911738,31.688,131799.052305,132.04,23.21,3060.59,-18.84,stir-capacity,capacity(g=2^-30),sha3-256,128,384,128,128,128.0,130.0,335.0,65,0.750000,0.2500,30.0,4,true
csv,regmach_w8_d2,8,8,32by16by8,22,[32,16,8,1024],621232,32.028669,121.671,130954.677737,146.82,22.33,8689.37,-18.25,stir-capacity,capacity(g=2^-30),sha3-256,128,384,128,128,128.0,130.0,334.0,65,0.750000,0.2500,30.0,4,true
csv,regmach_w8_d2,8,8,32by16by8,23,[32,16,8,2048],719536,64.790652,479.710,129472.505184,176.83,24.62,16530.61,-19.76,stir-capacity,capacity(g=2^-30),sha3-256,128,384,128,128,128.0,130.0,333.0,65,0.750000,0.2500,30.0,4,true
csv,regmach_w8_d2,8,8,32by16by8,24,[32,16,8,4096],916144,133.165372,1908.260,125987.827851,234.01,25.06,22054.83,-20.04,stir-capacity,capacity(g=2^-30),sha3-256,128,384,128,128,128.0,130.0,332.0,65,0.750000,0.2500,30.0,4,true
csv,regmach_w8_d2,8,8,32by16by8,25,[32,16,8,8192],1340560,301.493665,8071.495,111293.987013,303.61,24.84,25728.89,-19.90,stir-capacity,capacity(g=2^-30),sha3-256,128,384,128,128,128.0,130.0,331.0,65,0.750000,0.2500,30.0,4,true
csv,regmach_w8_d2,8,8,64by32by16,15,[64,32,16],534672,0.406044,2.095,80700.638570,0.00,0.00,0.00,0.00,stir-capacity,capacity(g=2^-30),sha3-256,128,384,128,128,128.0,130.0,341.0,65,0.750000,0.2500,30.0,3,true
csv,regmach_w8_d2,8,8,64by32by16,16,[64,32,16,2],534128,0.808541,2.059,81054.606913,212.84,99.65,211.51,-49.91,stir-capacity,capacity(g=2^-30),sha3-256,128,384,128,128,128.0,130.0,340.0,65,0.750000,0.2500,30.0,4,true
csv,regmach_w8_d2,8,8,64by32by16,17,[64,32,16,4],565520,1.614461,2.137,81186.214033,177.02,104.05,200.15,-50.99,stir-capacity,capacity(g=2^-30),sha3-256,128,384,128,128,128.0,130.0,339.0,65,0.750000,0.2500,30.0,4,true
csv,regmach_w8_d2,8,8,64by32by16,18,[64,32,16,8],565904,3.294277,2.141,79575.576083,174.16,108.61,197.13,-52.06,stir-capacity,capacity(g=2^-30),sha3-256,128,384,128,128,128.0,130.0,338.0,65,0.750000,0.2500,30.0,4,true
csv,regmach_w8_d2,8,8,64by32by16,19,[64,32,16,16],697712,6.698846,2.349,78265.418211,234.03,111.48,203.96,-52.71,stir-capacity,capacity(g=2^-30),sha3-256,128,384,128,128,128.0,130.0,337.0,65,0.750000,0.2500,30.0,4,true
csv,regmach_w8_d2,8,8,64by32by16,20,[64,32,16,32],699248,13.239387,2.530,79201.250028,230.26,108.14,214.00,-51.96,stir-capacity,capacity(g=2^-30),sha3-256,128,384,128,128,128.0,130.0,336.0,65,0.750000,0.2500,30.0,4,true
csv,regmach_w8_d2,8,8,64by32by16,21,[64,32,16,64],733520,26.374949,2.928,79513.026666,197.52,104.24,192.00,-51.04,stir-capacity,capacity(g=2^-30),sha3-256,128,384,128,128,128.0,130.0,335.0,65,0.750000,0.2500,30.0,4,true
csv,regmach_w8_d2,8,8,64by32by16,22,[64,32,16,128],739664,53.589370,4.436,78267.462310,193.87,104.68,220.45,-51.14,stir-capacity,capacity(g=2^-30),sha3-256,128,384,128,128,128.0,130.0,334.0,65,0.750000,0.2500,30.0,4,true
csv,regmach_w8_d2,8,8,64by32by16,23,[64,32,16,256],751952,109.617485,10.137,76526.185493,189.30,110.85,251.44,-52.57,stir-capacity,capacity(g=2^-30),sha3-256,128,384,128,128,128.0,130.0,333.0,65,0.750000,0.2500,30.0,4,true
csv,regmach_w8_d2,8,8,64by32by16,24,[64,32,16,512],776528,211.512887,32.834,79320.065322,183.11,98.64,281.20,-49.66,stir-capacity,capacity(g=2^-30),sha3-256,128,384,128,128,128.0,130.0,332.0,65,0.750000,0.2500,30.0,4,true
csv,regmach_w8_d2,8,8,64by32by16,25,[64,32,16,1024],987920,429.941407,122.784,78044.197281,197.44,78.03,292.91,-43.83,stir-capacity,capacity(g=2^-30),sha3-256,128,384,128,128,128.0,130.0,331.0,65,0.750000,0.2500,30.0,4,true
csv,regmach_w8_d2,8,8,16by16by8,11,[16,16,8],200112,0.013375,0.724,153123.876618,0.00,0.00,0.00,0.00,stir-capacity,capacity(g=2^-30),sha3-256,128,384,128,128,128.0,130.0,344.9,65,0.750000,0.2500,30.0,3,true
csv,regmach_w8_d2,8,8,16by16by8,12,[16,16,8,2],199952,0.024697,0.732,165848.142379,0.00,0.00,0.00,0.00,stir-capacity,capacity(g=2^-30),sha3-256,128,384,128,128,128.0,130.0,343.9,65,0.750000,0.2500,30.0,4,true
csv,regmach_w8_d2,8,8,16by16by8,13,[16,16,8,4],262544,0.047331,0.851,173079.411695,0.00,0.00,0.00,0.00,stir-capacity,capacity(g=2^-30),sha3-256,128,384,128,128,128.0,130.0,342.9,65,0.750000,0.2500,30.0,4,true
csv,regmach_w8_d2,8,8,16by16by8,14,[16,16,8,8],262928,0.091004,0.836,180035.300501,0.00,0.00,0.00,0.00,stir-capacity,capacity(g=2^-30),sha3-256,128,384,128,128,128.0,130.0,341.9,65,0.750000,0.2500,30.0,4,true
csv,regmach_w8_d2,8,8,16by16by8,15,[16,16,8,16],263696,0.181789,0.894,180252.806652,0.00,0.00,0.00,0.00,stir-capacity,capacity(g=2^-30),sha3-256,128,384,128,128,128.0,130.0,340.9,65,0.750000,0.2500,30.0,4,true
csv,regmach_w8_d2,8,8,16by16by8,16,[16,16,8,32],265232,0.356148,0.982,184013.344809,55.35,-12.06,48.58,13.71,stir-capacity,capacity(g=2^-30),sha3-256,128,384,128,128,128.0,130.0,339.9,65,0.750000,0.2500,30.0,4,true
csv,regmach_w8_d2,8,8,16by16by8,17,[16,16,8,64],330704,0.790321,1.493,165846.588236,62.00,-0.11,109.75,0.11,stir-capacity,capacity(g=2^-30),sha3-256,128,384,128,128,128.0,130.0,338.9,65,0.750000,0.2500,30.0,4,true
csv,regmach_w8_d2,8,8,16by16by8,18,[16,16,8,128],336848,1.457180,2.974,179898.107977,63.19,-7.72,312.79,8.37,stir-capacity,capacity(g=2^-30),sha3-256,128,384,128,128,128.0,130.0,337.9,65,0.750000,0.2500,30.0,4,true
csv,regmach_w8_d2,8,8,16by16by8,19,[16,16,8,256],349136,2.949209,8.715,177772.387738,67.15,-6.90,1027.51,7.41,stir-capacity,capacity(g=2^-30),sha3-256,128,384,128,128,128.0,130.0,336.9,65,0.750000,0.2500,30.0,4,true
csv,regmach_w8_d2,8,8,16by16by8,20,[16,16,8,512],373712,5.820791,31.307,180143.228387,76.51,-8.49,3785.87,9.28,stir-capacity,capacity(g=2^-30),sha3-256,128,384,128,128,128.0,130.0,335.9,65,0.750000,0.2500,30.0,4,true
csv,regmach_w8_d2,8,8,16by16by8,21,[16,16,8,1024],485264,11.660102,121.143,179857.092585,96.83,-9.71,11983.05,10.75,stir-capacity,capacity(g=2^-30),sha3-256,128,384,128,128,128.0,130.0,334.9,65,0.750000,0.2500,30.0,4,true
csv,regmach_w8_d2,8,8,16by16by8,22,[16,16,8,2048],583568,24.127705,480.887,173837.671282,131.85,-7.85,34638.83,8.51,stir-capacity,capacity(g=2^-30),sha3-256,128,384,128,128,128.0,130.0,333.9,65,0.750000,0.2500,30.0,4,true
csv,regmach_w8_d2,8,8,16by16by8,23,[16,16,8,4096],780176,53.348395,2101.670,157241.994615,200.16,2.61,72760.80,-2.55,stir-capacity,capacity(g=2^-30),sha3-256,128,384,128,128,128.0,130.0,332.9,65,0.750000,0.2500,30.0,4,true
csv,regmach_w8_d2,8,8,16by16by8,24,[16,16,8,8192],1173392,112.815143,7678.549,148714.219602,327.80,5.95,89047.67,-5.62,stir-capacity,capacity(g=2^-30),sha3-256,128,384,128,128,128.0,130.0,331.9,65,0.750000,0.2500,30.0,4,true
csv,regmach_w8_d2,8,8,16by16by8,25,[16,16,8,16384],2022224,269.013403,30827.519,124731.450764,508.84,11.39,98548.46,-10.23,stir-capacity,capacity(g=2^-30),sha3-256,128,384,128,128,128.0,130.0,330.9,65,0.750000,0.2500,30.0,4,true
